"송신 서버 번호","데이터 번호","패킷 사이즈","데이터 사이즈","패킷 구분 명","패킷 명","패킷 길이","패킷 단위","패킷 범주","설명","정렬 순서","공개 구분 명"
"17","1","87","64","테일","안정기고장","1","","0(정상)/1(고장)","안정기 고장 여부","270","개방"
"19","1","63","43","테일","이산화탄소","5","ppm","00000 ~ 99999","이산화탄소","80","개방"
"24","2","106","92","헤더","제조사","2","정수","00 ~ 99","제조사","20","개방"
"24","2","106","92","테일","모드 정보","1","정수","0 ~ 9","모드 정보 ex) 1: INFO 3:WARN","60","개방"
"24","3","206","192","테일","위성 정보의 상태","8","정수","0 ~ 0xFFFFFFFF","위성 정보의 상태(SubFrame123)","160","개방"
"30","1","202","184","테일","초미세먼지 보정","4","㎍/㎥","0~1500","초미세먼지 국가 관측망 기준 보정 데이터","210","개방"
"30","1","202","184","테일","암모니아","7","ppm","0~100000 ","2분 평균 암모니아","270","개방"
"31","1","56","38","테일","미세먼지","1","","0~1","센서 상태 코드 : 1정상. 0비정상","40","개방"
"36","1","87","64","테일","지역ID","1","","0~G","전국 지역구분값","50","개방"
"36","1","87","64","테일","점소등상태","1","","0(소등)/1(점등)","점소등상태","290","개방"
"16","1","59","36","헤더","모델명","11","","","모델명","1","개방"
"16","1","59","36","헤더","시리얼","12","","","시러얼","2","개방"
"16","1","59","36","테일","온도","6","℃","-30 ~ 50","10분당 온도체크값(평균)","3","개방"
"16","1","59","36","테일","습도","6","%","-30 ~ 50","10분당 습도체크값(평균)","4","개방"
"16","1","59","36","테일","PM2.5","6","㎍/m³","0~1000","10분당 초미세먼지체크값(평균)","5","개방"
"16","1","59","36","테일","PM10","6","㎍/m³","0~1000","10분당 미세먼지체크값(평균)","6","개방"
"16","1","59","36","테일","TVOCS","6","ppb","0 ~ 60000","10분당 TVOCs체크값(평균)","7","개방"
"16","1","59","36","테일","CO2EQ","6","ppm","0 ~ 10000","10분당 CO2eq체크값(평균)","8","개방"
"15","1","69","48","테일","패드 이상","1","","정상 : 0 비정상(오류) : 1","","19","개방"
"15","1","69","48","테일","패드 이상","1","","정상 : 0 비정상(오류) : 1","","190","개방"
"17","1","87","64","테일","깜빡거림","1","","0(정상)/1(고장)","깜빡거림 여부","280","개방"
"20","1","125","115","테일","시동 ON 누적거리","9","Km","0000000.0~9999999.9","시동 on 시 차량 누적 거리","60","개방"
"30","1","202","184","테일","돌풍 풍향","4","°","0~360","2분 돌풍 풍향(시계방향)","90","개방"
"31","1","56","38","테일","기온","1","℃","0~1","센서 상태 코드 : 1정상. 0비정상","50","개방"
"31","1","56","38","테일","진동(x) 최대","1","","0~1","센서 상태 코드 : 1정상. 0비정상","170","개방"
"36","1","87","64","테일","디밍값 1","3","%","0~100","디밍값 1","150","개방"
"24","2","106","92","테일","온도","5","℃","온도부호 1자리 0/1 정수 3자리 000~999 소수 1자리 0~9","현재 온도 ex) 10275 -&gt; 27.5℃","90","개방"
"24","3","206","192","테일","위성 정보의 상태","8","정수","0 ~ 0xFFFFFFFF","위성 정보의 상태(SubFrame45)","170","개방"
"30","1","202","184","테일","미세먼지","4","㎍/㎥","0~1500","2분 평균 미세먼지","40","개방"
"30","1","202","184","테일","이산화질소","7","ppm","0~2000 ","2분 평균 이산화질소","250","개방"
"30","1","202","184","테일","황화수소","7","ppm","0~100000 ","2분 평균 황화수소","280","개방"
"31","1","56","38","테일","상대습도","1","%","0~1","센서 상태 코드 : 1정상. 0비정상","60","개방"
"32","1","64","53","헤더","시리얼","4","","1001~9999","시리얼","20","개방"
"34","1","87","64","테일"," 소등편차","3","분","-79~+79","소등편차","70","개방"
"34","1","87","64","테일","안정기고장","1","","0(정상)/1(고장)","안정기고장","270","개방"
"36","1","87","64","테일","심야소등해제시간","2","시","00~23","심야소등해제시간","100","개방"
"36","1","87","64","테일","디밍시 2","2","시","XX00~23","디밍시 2","160","개방"
"37","1","55","23","헤더","모델명","16","","","모델명","10","내부"
"37","1","55","23","헤더","시리얼","16","","","시리얼","20","내부"
"39","1","19","8","테일","주차유무(0 - Empty 1 - 주차중)","2","P","0 ~ 1","주차유무","30","개방"
"22","1","60","30","헤더","시리얼","15","","","111467101302","20","개방"
"22","1","60","30","테일","데이터요청일시","20","","","YYYYMMDDHH24","30","개방"
"24","2","106","92","테일"," 습도","4","%","정수 2자리 소수 2자리","현재 습도 ex) 2203 -&gt; 22.03%","100","개방"
"24","3","206","192","테일","위성 정보의 상태","8","정수","0 ~ 0xFFFFFFFF","위성 정보의 상태(SubFrame5 사용하지 않음)","180","개방"
"24","3","206","192","테일","시간","6","정수","HHmmss","시간 정보 ex) 155715","220","개방"
"30","1","202","184","테일","상대습도","3","%","0~100","2분 평균 상대습도","60","개방"
"30","1","202","184","테일","진동(z) 최대","7","g","0.00~16.00","2분 최대 진동(z)","190","개방"
"34","1","87","64","테일","깜빡거림","1","","0(정상)/1(고장)","깜빡거림","280","개방"
"35","1","43","6","테일","미세먼지 ","3","㎍/㎥","0~","미세먼지","30","개방"
"36","1","87","64","테일","심야소등해제분","2","분","00~59","심야소등해제분","110","개방"
"36","1","87","64","테일","심야소등적용기간","8","월일월일","01010101~12311231","심야소등적용기간","120","개방"
"36","1","87","64","테일","디밍분 1","2","시","00~59","디밍분 1","140","개방"
"36","1","87","64","테일","디밍분 2","2","시","00~59","디밍분 2","170","개방"
"36","1","87","64","테일","디밍값 2","3","%","0~100","디밍값 2","180","개방"
"36","1","87","64","테일","디밍시 3","2","시","XX00~23","디밍시 3","190","개방"
"36","1","87","64","테일","디밍분 3","2","시","00~59","디밍분 3","200","개방"
"36","1","87","64","테일","디밍값 3","3","%","0~100","디밍값 3","210","개방"
"36","1","87","64","테일","현재디밍값","3","%","0~100","현재디밍값","220","개방"
"36","1","87","64","테일","현재전력값","5","W","0~65536","현재전력값","230","개방"
"36","1","87","64","테일","램프고장","1","","0(정상)/1(고장)","램프고장","240","개방"
"36","1","87","64","테일","이상점등","1","","0(정상)/1(고장)","이상점등","250","개방"
"36","1","87","64","테일","누전발생","1","","0(정상)/1(고장)","누전발생","260","개방"
"36","1","87","64","테일","안정기고장","1","","0(정상)/1(고장)","안정기고장","270","개방"
"36","1","87","64","테일","깜빡거림","1","","0(정상)/1(고장)","깜빡거림","280","개방"
"38","1","55","23","테일","경도","10","","126.XXXXXX","경도","40","개방"
"38","1","55","23","테일","불량 여부(0 1)","1","","0 1","불량 여부","60","개방"
"20","1","125","115","테일","시동OFF 시각","19","","9999-99-99 24:59:59","주행종료를 위한 시동OFF시각","70","개방"
"24","1","19","5","테일","배터리 잔량","2","%","10~99","배터리 잔량","70","개방"
"24","2","106","92","테일","상태 측정간격","6","시간(초)","000000 ~ 999999","상태 측정간격 ex) 003600(1시간)","190","개방"
"24","3","206","192","테일","단말 FPGA 버전 정보","6","정수","0 ~ 0xFFFF","단말 FPGA 버전 정보","240","개방"
"74","1","56","38","헤더","모델명","7","","SDOT001","모델명","10","개방"
"74","1","56","38","테일","미세먼지2.5(초미세먼지)","1","","0~1","센서 상태 코드 : 1정상. 0비정상","30","개방"
"74","1","56","38","테일","상대습도","1","","0~1","센서 상태 코드 : 1정상. 0비정상","60","개방"
"74","1","56","38","테일","풍속","1","","0~1","센서 상태 코드 : 1정상. 0비정상","80","개방"
"74","1","56","38","테일","돌풍 풍향","1","","0~1","센서 상태 코드 : 1정상. 0비정상","90","개방"
"74","1","56","38","테일","조도","1","","0~1","센서 상태 코드 : 1정상. 0비정상","110","개방"
"74","1","56","38","테일","자외선","1","","0~1","센서 상태 코드 : 1정상. 0비정상","120","개방"
"74","1","56","38","테일","소음","1","","0~1","센서 상태 코드 : 1정상. 0비정상","130","개방"
"74","1","56","38","테일","진동(x)","1","","0~1","센서 상태 코드 : 1정상. 0비정상","140","개방"
"74","1","56","38","테일","진동(y)","1","","0~1","센서 상태 코드 : 1정상. 0비정상","150","개방"
"74","1","56","38","테일","진동(z)","1","","0~1","센서 상태 코드 : 1정상. 0비정상","160","개방"
"74","1","56","38","테일","진동(y) 최대","1","","0~1","센서 상태 코드 : 1정상. 0비정상","180","개방"
"74","1","56","38","테일","진동(z) 최대","1","","0~1","센서 상태 코드 : 1정상. 0비정상","190","개방"
"74","1","56","38","테일","흑구 온도","1","","0~1","센서 상태 코드 : 1정상. 0비정상","200","개방"
"74","1","56","38","테일","일산화탄소","1","","0~1","센서 상태 코드 : 1정상. 0비정상","220","개방"
"74","1","56","38","테일","이산화황","1","","0~1","센서 상태 코드 : 1정상. 0비정상","240","개방"
"74","1","56","38","테일","황화수소","1","","0~1","센서 상태 코드 : 1정상. 0비정상","260","개방"
"74","1","56","38","테일","오존","1","","0~1","센서 상태 코드 : 1정상. 0비정상","270","개방"
"74","1","56","38","테일","위도","1","","0~1","센서 상태 코드 : 1정상. 0비정상","280","개방"
"74","1","56","38","테일","경도","1","","0~1","센서 상태 코드 : 1정상. 0비정상","290","개방"
"29","1","24","11","테일","알람상태 (0-정상1-관심2-확인3-위험)","1","","0 ~ 3","0-정상1-관심2-확인3-위험","70","개방"
"30","1","202","184","테일","조도","6","lux","0~120000","2분 평균 조도","110","개방"
"30","1","202","184","테일","이산화황","7","ppm","0~2000 ","2분 평균 이산화황","260","개방"
"30","1","202","184","테일","경도","9","도","경도","이동형 측정기의 경도도","310","내부"
"32","1","64","53","테일","서버타입","10","","Original","Original","30","개방"
"32","1","64","53","테일","방문자수","10","명","0~9999999999","0000001287","70","개방"
"34","1","87","64","테일","심야소등해제분","2","분","00~59","심야소등해제분","110","개방"
"34","1","87","64","테일","수동/강제상태","1","","0(수동)/1(강제)/2(일반)","수동/강제상태","300","개방"
"35","1","43","6","헤더","모델명","20","","","모델명","10","개방"
"35","1","43","6","헤더","시리얼","17","","","시리얼","20","개방"
"36","1","87","64","테일","접속간격","3","분","060~240","접속간격","30","개방"
"36","1","87","64","테일","수동유지","2","분","00~30","수동유지시간","40","개방"
"36","1","87","64","테일"," 점등편차","3","분","-79~+79","점등편차","60","개방"
"36","1","87","64","테일"," 소등편차","3","분","-79~+79","소등편차","70","개방"
"36","1","87","64","테일","심야소등시작시간","2","시","XX00~23","심야소등시작시간","80","개방"
"36","1","87","64","테일","심야소등시작분","2","분","00~59","심야소등시작분","90","개방"
"39","1","19","8","헤더","시리얼","6","","","시리얼","20","개방"
"15","1","69","48","테일","전송시간","19","","9999-99-99 12-12:59","","200","개방"
"22","1","60","30","테일","고유장치수","10","개","","해당 센싱 지역에서 감지 된 고유 장치의 수","40","개방"
"24","2","106","92","헤더","IOT 장비 분류","2","정수","00 ~ 99","IOT 장비 분류","10","개방"
"15","1","69","48","헤더","설치기기별 시리얼(고유번호)","11","","문자열","L.SEND 일련번호(1804TBXXXXX XXXXX는 가변숫자)","2","개방"
"15","1","69","48","테일","고전압 회로 오류 ","1","","정상 : 0 비정상(오류) : 1","","3","개방"
"15","1","69","48","테일","임피던스 회로 오류","1","","정상 : 0 비정상(오류) : 1","","5","개방"
"24","2","106","92","테일","일산화탄소","6","ppm","정수 4자리 소수 2자리","일산화탄소","110","개방"
"24","3","206","192","헤더","프로토콜 관리","4","정수","0001 ~ 9999","프로토콜 관리(버전 정보)","30","개방"
"24","3","206","192","테일","송출 하는 위성 개수","2","정수","0 ~ 32","송출 하는 위성 개수","190","개방"
"30","1","202","184","헤더","시리얼","11","","","시리얼","20","개방"
"30","1","202","184","테일","풍향","4","°","0~360","2분 평균 풍향(시계방향)","70","개방"
"30","1","202","184","테일","풍속","7","m/s","0.0~100.0","2분 평균 풍속","80","개방"
"30","1","202","184","테일","소음","2","dB ","35~85","2분 평균 소음","130","개방"
"30","1","202","184","테일","진동(x)","7","g","0.00~16.00","2분 평균 진동(x)","140","개방"
"30","1","202","184","테일","미세먼지 보정","4","㎍/㎥","0~1500","미세먼지 국가 관측망 기준 보정 데이터","220","개방"
"30","1","202","184","테일","위도","9","도","위도","이동형 측정기의 위도","300","내부"
"32","1","64","53","테일","날짜","12","","%Y%M%D%H%I","201912130109","80","개방"
"34","1","87","64","헤더","시리얼","15","","","시리얼","20","개방"
"34","1","87","64","테일","접속간격","3","분","060~240","접속간격","30","개방"
"34","1","87","64","테일","수동유지","2","분","00~30","수동유지시간","40","개방"
"34","1","87","64","테일","지역ID","1","","0~G","전국 지역구분값","50","개방"
"34","1","87","64","테일"," 점등편차","3","분","-79~+79","점등편차","60","개방"
"34","1","87","64","테일","심야소등적용기간","8","월일월일","01010101~12311231","심야소등적용기간","120","개방"
"34","1","87","64","테일","디밍시 1","2","시","XX00~23","디밍시 1","130","개방"
"34","1","87","64","테일","디밍값 1","3","%","0~100","디밍값 1","150","개방"
"34","1","87","64","테일","디밍시 2","2","시","XX00~23","디밍시 2","160","개방"
"34","1","87","64","테일","디밍분 2","2","시","00~59","디밍분 2","170","개방"
"34","1","87","64","테일","디밍값 2","3","%","0~100","디밍값 2","180","개방"
"34","1","87","64","테일","디밍시 3","2","시","XX00~23","디밍시 3","190","개방"
"34","1","87","64","테일","디밍값 3","3","%","0~100","디밍값 3","210","개방"
"34","1","87","64","테일","현재디밍값","3","%","0~100","현재디밍값","220","개방"
"34","1","87","64","테일","현재전력값","5","W","0~65536","현재전력값","230","개방"
"34","1","87","64","테일","램프고장","1","","0(정상)/1(고장)","램프고장","240","개방"
"34","1","87","64","테일","이상점등","1","","0(정상)/1(고장)","이상점등","250","개방"
"15","1","69","48","테일","온도","6","℃","","영하일 경우 상태값에 0도 이하 이벤트 발생이라고 메시지 출력됨","21","개방"
"15","1","69","48","테일","습도","6","%","","","22","개방"
"19","1","63","43","테일","초미세먼지","5","㎍/㎥","00000 ~ 99999","초미세먼지","60","개방"
"20","1","125","115","테일","시동 OFF 누적거리","9","Km","0000000.0~9999999.9","시동 off 시 차량 누적 거리","80","개방"
"20","1","125","115","테일","안전운전지수","3","","000~100","안전 운행 지수","90","개방"
"22","2","90","60","헤더","모델명","15","","","AirGuard-K","10","개방"
"22","2","90","60","헤더","시리얼","15","","","V01G1613537","20","개방"
"24","2","106","92","헤더","프로토콜 관리","4","정수","0001 ~ 9999","프로토콜 관리(버전 정보)","30","개방"
"24","3","206","192","헤더","기기ID","6","정수","000000 ~ 999999","기기ID(고유번호)","40","개방"
"24","3","206","192","테일","단말의 부팅 상태","2","정수","0 ~ 20","단말의 부팅 상태(디버깅용 사용하지 않음)","150","개방"
"30","1","202","184","테일","초미세먼지","4","㎍/㎥","0~1500","2분 평균 초미세먼지","30","개방"
"30","1","202","184","테일","자외선","7","UVI","0.0~16.0","2분 평균 자외선","120","개방"
"30","1","202","184","테일","진동(y)","7","g","0.00~16.00","2분 평균 진동(y)","150","개방"
"30","1","202","184","테일","진동(z)","7","g","0.00~16.00","2분 평균 진동(z)","160","개방"
"30","1","202","184","테일","진동(x) 최대","7","g","0.00~16.00","2분 최대 진동(x)","170","개방"
"30","1","202","184","테일","진동(y) 최대","7","g","0.00~16.00","2분 최대 진동(y)","180","개방"
"30","1","202","184","테일","측정시간","12","","%Y%M%D%H%I","년월일시분","230","개방"
"30","1","202","184","테일","일산화탄소","7","ppm","0~12500 ","2분 평균 일산화탄소","240","개방"
"31","1","56","38","테일","초미세먼지","1","㎍/㎥","0~1","센서 상태 코드 : 1정상. 0비정상","30","개방"
"31","1","56","38","테일","돌풍 풍속","1","m/s","0~1","센서 상태 코드 : 1정상. 0비정상","100","개방"
"31","1","56","38","테일","조도","1","lux","0~1","센서 상태 코드 : 1정상. 0비정상","110","개방"
"31","1","56","38","테일","소음","1","㏈","0~1","센서 상태 코드 : 1정상. 0비정상","130","개방"
"31","1","56","38","테일","진동(x)","1","g","0~1","센서 상태 코드 : 1정상. 0비정상","140","개방"
"31","1","56","38","테일","진동(y)","1","g","0~1","센서 상태 코드 : 1정상. 0비정상","150","개방"
"31","1","56","38","테일","진동(z)","1","g","0~1","센서 상태 코드 : 1정상. 0비정상","160","개방"
"31","1","56","38","테일","진동(z) 최대","1","","0~1","센서 상태 코드 : 1정상. 0비정상","190","개방"
"31","1","56","38","테일","흑구 온도","1","℃","0~1","센서 상태 코드 : 1정상. 0비정상","200","개방"
"32","1","64","53","헤더","모델명","7","","SDOT001","모델명","10","개방"
"32","1","64","53","테일","사이트명","10","","","예시:구로시장패킷 길이에서 비어있는 자리수는 *로 대체함","40","개방"
"32","1","64","53","테일","지역명","10","","","예시:구로4동*예시:송학동**패킷 길이에서 비어있는 자리수는 *로 대체함","50","개방"
"34","1","87","64","테일","누전발생","1","","0(정상)/1(고장)","누전발생","260","개방"
"15","1","69","48","테일","온도","6","℃","","영하일 경우 상태값에 0도 이하 이벤트 발생이라고 메시지 출력됨","210","개방"
"20","1","125","115","테일","급감속횟수","4","","0000~9999","주행 중 급감속 횟수","110","개방"
"20","1","125","115","테일","과속지수","3","","000~100","120km 이상 주행시 표출되는 과속지수","120","개방"
"20","1","125","115","테일","연료분사량","7","밀리리터(mL)","00000.0~99999.9","연료분사량","130","개방"
"20","1","125","115","테일","운행시간","6","초(SEC)","00000.0~99999.9","운행 시간(시동 ON~ 시동 OFF)","140","개방"
"22","2","90","60","테일","데이터관측일시","20","","","YYYYMMDDHH24MI","30","개방"
"22","2","90","60","테일","온도","5","","","값 / 10 - 100 = ℃","40","개방"
"22","2","90","60","테일","미세먼지","5","㎍/㎥","","","60","개방"
"24","1","19","5","헤더","IOT 장비 분류","2","","","IOT 장비 분류","10","개방"
"24","1","19","5","헤더","제조사","2","","","제조사","20","개방"
"24","1","19","5","헤더","기기ID","6","","","기기ID(고유번호)","40","개방"
"24","2","106","92","헤더","기기ID","6","정수","000000 ~ 999999","기기ID(고유번호)","40","개방"
"24","2","106","92","테일","통신코드","2","정수","00 ~ 99","작업코드(서버와 단말 간 통신코드) ex) 01(단말기-&gt;서버로 현재 상태정보 전송)","50","개방"
"24","2","106","92","테일","배터리 잔량","3","%","정수 2자리 소수 1자리","배터리 잔량 ex) 993 -&gt; 99.3%","70","개방"
"24","2","106","92","테일","연기감지 여부","1","정수","정상 - 0 / 연기감지 - 1","연기 감지 여부","80","개방"
"24","2","106","92","테일","벨 알람 상태","1","정수","0 : 알람 꺼짐 1 : 알람 켜짐","벨 알람 상태","160","개방"
"24","2","106","92","테일","패킷 전송 주기","6","시간(초)","000000 ~ 999999","패킷 전송주기 ex) 003600(1시간)","170","개방"
"24","2","106","92","테일","기본임계치","21","정수","온도 부호 1자리 온도 정수 3자리 온도 소수 1자리 습도 정수 3자리 습도 소수 1자리 co 정수 4자리 co 소수 2자리 co2 정수 4자리 co2 소수 2자리","기본임계치","180","개방"
"24","3","206","192","테일","Slave의 시간 동기 파라메터","4","정수","0 ~ 0xFFFF","Slave의 시간 동기 파라메터(디버깅용)","130","개방"
"24","3","206","192","테일","Slave의 시간 동기 파라메터 2","8","정수","0 ~ 999999","Slave의 시간 동기 파라메터 2(디버깅용 사용하지 않음)","140","개방"
"24","3","206","192","테일","송출 하는 위성 백터","8","정수","0 ~ 0xFFFFFFFF","송출 하는 위성 백터 ex) 0x0000000F : 1 2 3 4 번 위성 송출","200","개방"
"24","3","206","192","테일","날짜","8","정수","yyyyMMdd","날짜 정보 ex) 20190830","210","개방"
"24","3","206","192","테일","보정값","4","정수","0 ~ 9999","Master와 Slave 간의 보정 값","250","개방"
"24","3","206","192","테일","RF 송출파워","5","정수","-110 ~ -70","RF 송출 파워 값이 높을 수록 높은 신호 출력","260","개방"
"29","1","24","11","테일","빛의밝기","4","%","0 ~ 100","빛의 밝기 %","50","개방"
"29","1","24","11","테일","전원상태 (0-OFF 1-ON)","1","","0 ~ 1","0-OFF 1-ON","60","개방"
"32","1","64","53","테일","지역아이디","1","","1","1","60","개방"
"17","1","87","64","테일","점소등상태","1","","0(소등)/1(점등)","점등/ 소등 상태 여부","290","개방"
"17","1","87","64","테일","수동/강제상태","1","","0(수동)/1(강제)","수동 /강제 상태 여부","300","개방"
"18","1","67","43","헤더","모델명","13","","","모델명","10","개방"
"18","1","67","43","헤더","시리얼","11","","","시리얼","20","개방"
"18","1","67","43","테일","관측시각","12","년월일시분","000000000000 ~ 999999999999","관측시각","25","개방"
"18","1","67","43","테일","온도","6","℃","-999.0 ~ +999.0","온도","30","개방"
"18","1","67","43","테일","습도","5","%","00000 ~ 99999","습도","40","개방"
"18","1","67","43","테일","미세먼지","5","㎍/㎥","00000 ~ 99999","미세먼지","50","개방"
"18","1","67","43","테일","초미세먼지","5","㎍/㎥","00000 ~ 99999","초미세먼지","60","개방"
"18","1","67","43","테일","휘발성유기화합물","5","ppb","-9999 ~ 99999","휘발성유기화합물","70","개방"
"18","1","67","43","테일","이산화탄소","5","ppm","-9999 ~ 99999","이산화탄소","80","개방"
"18","2","57","33","헤더","모델명","13","","","모델명","10","개방"
"18","2","57","33","헤더","시리얼","11","","","시리얼","20","개방"
"18","2","57","33","테일","관측시각","12","년월일시분","000000000000 ~ 999999999999","관측시각","25","개방"
"18","2","57","33","테일","온도","6","℃","-999.0 ~ +999.0","온도","30","개방"
"18","2","57","33","테일","습도","5","%","00000 ~ 99999","습도","40","개방"
"18","2","57","33","테일","미세먼지","5","㎍/㎥","00000 ~ 99999","미세먼지","50","개방"
"18","2","57","33","테일","초미세먼지","5","㎍/㎥","00000 ~ 99999","초미세먼지","60","개방"
"19","1","63","43","헤더","모델명","9","","","모델명","10","개방"
"19","1","63","43","헤더","시리얼","11","","","시리얼","20","개방"
"19","1","63","43","테일","관측시각","12","","000000000000 ~ 999999999999","관측시각","25","개방"
"19","1","63","43","테일","습도","5","%","00000 ~ 99999","습도","40","개방"
"19","1","63","43","테일","미세먼지","5","㎍/㎥","00000 ~ 99999","미세먼지","50","개방"
"19","1","63","43","테일","휘발성유기화합물","5","ppb","00000 ~ 99999","휘발성유기화합물","70","개방"
"20","1","125","115","헤더","모델명","3","","B03","IoT기기 모델명","10","개방"
"20","1","125","115","헤더","시리얼(차량번호)","7","","","차량번호(ex:12아3456)","20","개방"
"20","1","125","115","테일","주행ID","20","","0000000000000000000000~264","주행 시작시 발생하는 시리얼(시동이 OFF된 상태에서 운행을 위해 시동 ON하면 시리얼이 발생)","30","개방"
"20","1","125","115","테일","주행상태 (주행상태 정보( 1: 주행중 0: 주행완료))","1","","0 또는 1","주행상태 정보( 1: 주행중 0: 주행완료)","40","개방"
"20","1","125","115","테일","시동ON 시각","19","","9999-99-99 24:59:59","주행시작을 위한 시동ON시각","50","개방"
"20","1","125","115","테일","급가속횟수","4","","0000~9999","주행 중 급가속 횟수","100","개방"
"20","1","125","115","테일","공회전시간","6","초(SEC)","00000.0~99999.9","주행 중 공회전시간","150","개방"
"1","1","22","7","테일","정보4","1","PU5","","값4","60","개방"
"2","1","36","8","헤더","모델명","12","","","모델명","10","개방"
"2","1","36","8","헤더","시리얼","16","","","DevEUI(로라장치 고유시리얼)","20","개방"
"13","2","42","23","테일","공기질","2","단위 없음","00 ~ 99","업체에서 정한 공기질 정도","50","개방"
"13","2","42","23","테일","미세먼지","3","ug/m3","000~999","미세먼지","60","개방"
"13","2","42","23","테일","분사횟수","4","","0000 ~ 9999","공기질 개선 스프레이 분사 횟수","70","개방"
"13","2","42","23","테일","공기질임계값","2","","00 ~ 99","공기질 임계치 공기질이 임계치에 도달시 스프레이 분사","80","개방"
"15","1","69","48","테일","습도","6","%","","","220","개방"
"16","1","59","36","헤더","시리얼","12","","","시러얼","20","개방"
"16","1","59","36","테일","온도","6","℃","-30 ~ 50","10분당 온도체크값(평균)","30","개방"
"16","1","59","36","테일","습도","6","%","-30 ~ 50","10분당 습도체크값(평균)","40","개방"
"16","1","59","36","테일","초미세먼지","6","㎍/m³","0~1000","10분당 초미세먼지체크값(평균)","50","개방"
"16","1","59","36","테일","미세먼지","6","㎍/m³","0~1000","10분당 미세먼지체크값(평균)","60","개방"
"16","1","59","36","테일","휘발성유기화합물","6","ppb","0 ~ 60000","10분당 TVOCs체크값(평균)","70","개방"
"16","1","59","36","테일","이산화탄소","6","ppm","0 ~ 10000","10분당 CO2eq체크값(평균)","80","개방"
"17","1","87","64","헤더","모델명","8","","","BMC-300S","10","개방"
"17","1","87","64","테일"," 소등편차","3","분","-79~+79","소등시간조절값","70","개방"
"17","1","87","64","테일","디밍시 1","2","시","XX00~23","디밍 가능한 3단계중 첫번째 단계가 작동한 시간","130","개방"
"17","1","87","64","테일","디밍분 1","2","분","00~59","디밍 가능한 3단계중 첫번째 단계가 작동한 분","140","개방"
"17","1","87","64","테일","디밍값 1","3","%","0~100","디밍 가능한 3단계중 첫번째 단계의 디밍 퍼센테이지","150","개방"
"17","1","87","64","테일","디밍시 2","2","시","XX00~23","디밍 가능한 3단계중 두번째 단계가 작동한 시간","160","개방"
"17","1","87","64","테일","디밍분 2","2","시","00~59","디밍 가능한 3단계중 두번째 단계가 작동한 분","170","개방"
"17","1","87","64","테일","디밍값 2","3","%","0~100","디밍 가능한 3단계중 두번째 단계의 디밍 퍼센테이지","180","개방"
"17","1","87","64","테일","디밍시 3","2","시","XX00~23","디밍 가능한 3단계중 세번째 단계가 작동한 시간","190","개방"
"17","1","87","64","테일","디밍분 3","2","분","00~59","디밍 가능한 3단계중 세번째 단계가 작동한 분","200","개방"
"17","1","87","64","테일","디밍값 3","3","%","0~100","디밍 가능한 3단계중 세번째 단계의 디밍 퍼센테이지","210","개방"
"17","1","87","64","테일","현재디밍값","3","%","10~100%","현재디밍값","220","개방"
"17","1","87","64","테일","현재전력값","5","W","0~1000","현재전력값","230","개방"
"17","1","87","64","테일","누전발생","1","","0(정상)/1(고장)","누전발생 여부","260","개방"
"14","1","37","29","테일","복합악취센싱값","4","","","10분간 측정한 복합악취10분간 측정한 복합악취센싱값(2초 센싱후 10분간 평균값 전송) / 절대값이 아닌 상대값으로 변동 추이를 확인하는 값","4","개방"
"15","1","69","48","헤더","설치기기별 시리얼(고유번호)","11","","문자열","L.SEND 일련번호(1804TBXXXXX XXXXX는 가변숫자)","20","개방"
"15","1","69","48","테일","배터리 부족 ","1","","정상 : 0 비정상(오류) : 1","","40","개방"
"15","1","69","48","테일","임피던스 회로 오류","1","","정상 : 0 비정상(오류) : 1","","50","개방"
"15","1","69","48","테일","심전도 회로 오류 ","1","","정상 : 0 비정상(오류) : 1","","60","개방"
"15","1","69","48","테일","배터리 경고 ","1","","정상 : 0 비정상(오류) : 1","","70","개방"
"15","1","69","48","테일","시스템 오류 ","1","","정상 : 0 비정상(오류) : 1","","80","개방"
"15","1","69","48","테일","충격 보고 ","1","","정상 : 0 비정상(오류) : 1","","90","개방"
"15","1","69","48","테일","문열림 보고 ","1","","정상 : 0 비정상(오류) : 1","","100","개방"
"15","1","69","48","테일","응급사용 보고 ","1","","정상 : 0 비정상(오류) : 1","","110","개방"
"15","1","69","48","테일","점검중 보고 ","1","","정상 : 0 비정상(오류) : 1","","120","개방"
"15","1","69","48","테일","시스템에 설치 정보 보고","1","","정상 : 0 비정상(오류) : 1","","130","개방"
"15","1","69","48","테일","교체/철거 보고 ","1","","정상 : 0 비정상(오류) : 1","","140","개방"
"15","1","69","48","테일","기기탈착 보고 ","1","","정상 : 0 비정상(오류) : 1","","150","개방"
"15","1","69","48","테일","AED 링크 오류 ","1","","정상 : 0 비정상(오류) : 1","","160","개방"
"15","1","69","48","테일","영하 경보 ","1","","정상 : 0 비정상(오류) : 1","","170","개방"
"15","1","69","48","테일","고온 경보","1","","정상 : 0 비정상(오류) : 1","","180","개방"
"16","1","59","36","헤더","모델명","11","","","모델명","10","개방"
"20","1","125","115","테일","연비","5","km/L","0.000~999.9","주행 연비","160","개방"
"24","1","19","5","테일","연기 감지","1","","","연기 감지","50","개방"
"24","1","19","5","테일","온도 감지","1","","","온도 감지","60","개방"
"30","1","202","184","헤더","모델명","7","","dot","모델명","10","개방"
"30","1","202","184","테일","기온","7","℃","-40.0~120.0","2분 평균 기온","50","개방"
"30","1","202","184","테일","흑구 온도","7","℃","-40.0~120.0","2분 평균 흑구온도","200","개방"
"34","1","87","64","헤더","모델명","8","","","모델명","10","개방"
"36","1","87","64","헤더","시리얼","15","","","시리얼","20","개방"
"39","1","19","8","테일","허용여부(0 - 불용 1 - 허용)","2","A","0 ~ 1","허용여부","40","개방"
"39","1","19","8","테일","차량번호","4","N","4","차량번호 뒷자리","50","내부"
"40","1","69","55","헤더","모델명","2","","","모델명","10","개방"
"40","1","69","55","헤더","패킷길이","2","","","패킷 길이","20","개방"
"40","1","69","55","헤더","명령어","2","","","명령어","40","개방"
"40","1","69","55","테일","사용자관리그룹","1","","012","0 : 일반 1 : 위험군 2 : 고위험군","50","개방"
"40","1","69","55","테일","알림단계등급","1","","0123","0 : 정상1 : 관심2 : 위험3 : 심각","60","개방"
"40","1","69","55","테일","기기상태정보","1","","01","0 : 정상1 : 장비점검","70","개방"
"40","1","69","55","테일","활동수치","3","%","0~100","","80","개방"
"19","1","63","43","테일","온도","6","℃","-999.0 ~ +999.0","온도","30","개방"
"22","1","60","30","헤더","모델명","15","","","WIFI-SENSOR","10","개방"
"22","2","90","60","테일","습도","5","%","","","50","개방"
"24","3","206","192","테일","단말 소프트웨어 버전 정보","10","정수","0000000000 ~ 9999999999","단말 소프트웨어 버전 정보","230","개방"
"31","1","56","38","헤더","시리얼","11","","","시리얼","20","개방"
"31","1","56","38","테일","자외선","1","UVI","0~1","센서 상태 코드 : 1정상. 0비정상","120","개방"
"34","1","87","64","테일","디밍분 1","2","시","00~59","디밍분 1","140","개방"
"34","1","87","64","테일","디밍분 3","2","시","00~59","디밍분 3","200","개방"
"36","1","87","64","테일","디밍시 1","2","시","XX00~23","디밍시 1","130","개방"
"39","1","19","8","헤더","모델명","5","","","모델명","10","개방"
"40","1","69","55","테일","최근활동","1","","01","0 : 1시간 이내에 최근 활동 없음  or 1시간 이내에 패킷 미수신 1 : 1시간 이내에 최근 활동 있음","90","개방"
"40","1","69","55","테일","전력량1","5","Wh","Null / 0~3520","10분 동안의 누적 전력량(합)","100","개방"
"40","1","69","55","테일","조도1","3","%","Null / 0~100","10분 동안의 가장 밝은 조도 값 100% : 밝음 0% : 어두움","110","개방"
"40","1","69","55","테일","조도2","3","%","Null / 0~100","10분 동안의 가장 밝은 조도 값 100% : 밝음 0% : 어두움","130","개방"
"40","1","69","55","테일","전력량3","5","Wh","Null / 0~3520","10분 동안의 누적 전력량(합)","140","개방"
"40","1","69","55","테일","조도3","3","%","Null / 0~100","10분 동안의 가장 밝은 조도 값 100% : 밝음 0% : 어두움","150","개방"
"40","1","69","55","테일","조도4","3","%","Null / 0~100","10분 동안의 가장 밝은 조도 값 100% : 밝음 0% : 어두움","170","개방"
"40","1","69","55","테일","전력량5","5","Wh","Null / 0~3520","10분 동안의 누적 전력량(합)","180","개방"
"40","1","69","55","테일","조도5","3","%","Null / 0~100","10분 동안의 가장 밝은 조도 값 100% : 밝음 0% : 어두움","190","개방"
"40","1","69","55","테일","전력량6","5","Wh","Null / 0~3520","10분 동안의 누적 전력량(합)","200","개방"
"40","1","69","55","테일","조도6","3","%","Null / 0~100","10분 동안의 가장 밝은 조도 값 100% : 밝음 0% : 어두움","210","개방"
"41","1","121","99","헤더","시리얼","14","","","시리얼","20","개방"
"41","1","121","99","테일","사용시간(초)","5","","","사용시간(초)","50","개방"
"41","1","121","99","테일","반납여부","2","","","반납여부","60","개방"
"41","1","121","99","테일","대여위도","16","","","대여위도","70","개방"
"41","1","121","99","테일","대여경도","16","","","대여경도","80","개방"
"41","1","121","99","테일","반납경도","16","","","반납경도","100","개방"
"42","1","56","38","테일","미세먼지","4","㎍","0 ~ 9999","미세먼지","50","개방"
"42","1","56","38","테일","초미세먼지","4","㎍","0 ~ 9999","초미세먼지","60","개방"
"43","1","35","4","헤더","모델명","13","","SCMS-SEOUL-SD","모델명","10","개방"
"43","1","35","4","헤더","시리얼","18","","SCMS-SEOUL-SD-0001 ~ SCMS-SEOUL-SD-0006","시리얼","20","개방"
"43","1","35","4","테일","보행자수","4","","0 ~ 1000","카운트","30","개방"
"44","1","47","41","헤더","시리얼","4","","","","2","개방"
"44","1","47","41","테일","측정시간","18","년월일시분","","측정시간","3","개방"
"44","1","47","41","테일","항공기코드","10","호","","항공기콜사인","4","개방"
"44","1","47","41","테일","소리크기","13","db","","데시벨","5","개방"
"47","1","185","167","헤더","모델명","7","","SDOT001","모델명","10","개방"
"47","1","185","167","헤더","시리얼","11","","","시리얼","20","개방"
"47","1","185","167","테일","초미세먼지","4","㎍/㎥","0~1500","10분 평균 초미세먼지","40","개방"
"47","1","185","167","테일","미세먼지","4","㎍/㎥","0~1500","10분 평균 미세먼지","50","개방"
"47","1","185","167","테일","기온","7","℃","-40.0~120.0","10분 평균 기온","60","개방"
"47","1","185","167","테일","상대습도","3","%","0~100","10분 평균 상대습도","70","개방"
"47","1","185","167","테일","풍향","4","°","0~360","10분 평균 풍향","80","개방"
"47","1","185","167","테일","풍속","7","m/s","0.0~100.0","10분 평균 풍속","90","개방"
"47","1","185","167","테일","돌풍 풍향","4","°","0~360","10분 돌풍 풍향","100","개방"
"47","1","185","167","테일","돌풍 풍속","7","m/s","0.0~100.0","10분 돌풍 풍속","110","개방"
"47","1","185","167","테일","조도","6","lux","0~120000","10분 평균 조도","120","개방"
"47","1","185","167","테일","자외선","7","UVI","0.0~16.0","10분 평균 자외선","130","개방"
"47","1","185","167","테일","소음","2","㏈","35~85","10분 평균 소음","140","개방"
"47","1","185","167","테일","진동(x)","7","g","0.00~16.00","10분 평균 진동(x)","150","개방"
"61","1","73","45","테일","BT","4","","0 ~ 9999","BLE OFF TIME","60","개방"
"61","1","73","45","테일","RS1","2","","0 ~ 16","주/출차 판단기준 값","70","개방"
"61","1","73","45","테일","RT","2","","","레이더 모듈의 Threshold 값","80","개방"
"61","1","73","45","테일","RI","3","","0 ~ 255","레이더 스캔주기 설정 값","90","개방"
"61","1","73","45","테일","RSSI","3","","","신호강도","100","개방"
"61","1","73","45","테일","SNR","2","","","신호 대 잡음비","110","개방"
"61","1","73","45","테일","FV","4","","","펌웨어 정보표시","120","개방"
"61","1","73","45","테일","OS","4","","HHMM","절전모드 시작 시간 설정 값","130","개방"
"61","1","73","45","테일","OD","4","","0 ~ 1440","절전모드 동작 기간 설정","140","개방"
"61","1","73","45","테일","TS","12","","YYMMDDHHmmSS","StatusReport 생성 시간정보","150","개방"
"30","1","202","184","테일","돌풍 풍속","7","m/s","0.0~100.0","2분 돌풍 풍속","100","개방"
"31","1","56","38","테일","진동(y) 최대","1","","0~1","센서 상태 코드 : 1정상. 0비정상","180","개방"
"34","1","87","64","테일","점소등상태","1","","0(소등)/1(점등)","점소등상태","290","개방"
"38","1","55","23","테일","등 밝기","3","%","000~100","000:소등 001~100: 점등(디밍)","50","개방"
"40","1","69","55","헤더","시리얼","8","","","시리얼","30","개방"
"40","1","69","55","테일","전력량2","5","Wh","Null / 0~3520","10분 동안의 누적 전력량(합)","120","개방"
"47","1","185","167","테일","진동(y)","7","g","0.00~16.00","10분 평균 진동(y)","160","개방"
"47","1","185","167","테일","진동(z)","7","g","0.00~16.00","10분 평균 진동(z)","170","개방"
"47","1","185","167","테일","진동(x) 최대","7","g","0.00~16.00","10분 최대 진동(x)","180","개방"
"47","1","185","167","테일","진동(y) 최대","7","g","0.00~16.00","10분 최대 진동(y)","190","개방"
"47","1","185","167","테일","진동(z) 최대","7","g","0.00~16.00","10분 최대 진동(z)","200","개방"
"47","1","185","167","테일","흑구 온도","7","℃","-40.0~120.0","10분 평균 흑구온도","210","개방"
"47","1","185","167","테일","초미세먼지 보정","4","㎍/㎥","0~1500","초미세먼지 국가 관측망 기준 보정 데이터(UI 표현 대상)","220","개방"
"47","1","185","167","테일","미세먼지 보정","4","㎍/㎥","0~1500","미세먼지 국가 관측망 기준 보정 데이터(UI 표현 대상)","230","개방"
"47","1","185","167","테일","전송시간","12","","%Y%M%D%H%I","201912130901","240","개방"
"47","1","185","167","테일","이산화질소","7","ppm","0~2000","10분 평균 이산화질소","260","개방"
"47","1","185","167","테일","이산화황","7","ppm","0~100000","10분 평균 이산화황","270","개방"
"47","1","185","167","테일","암모니아","7","ppm","0~100000 ","10분 평균 암모니아","280","개방"
"47","1","185","167","테일","황화수소","7","ppm","0~2000 ","10분 평균 황화수소","290","개방"
"47","1","185","167","테일","오존","7","ppm","0~2000","10분 평균 오존","300","개방"
"48","1","185","167","헤더","시리얼","11","","","시리얼","20","개방"
"48","1","185","167","테일","구분(1:평균/2:최대값/3:최소값)","1","","1~3","1:평균/2:최대값/3:최소값","30","개방"
"48","1","185","167","테일","초미세먼지","4","㎍/㎥","0~1500","60분 평균 초미세먼지","40","개방"
"48","1","185","167","테일","미세먼지","4","㎍/㎥","0~1500","60분 평균 미세먼지","50","개방"
"48","1","185","167","테일","상대습도","3","%","0~100","60분 평균 상대습도","70","개방"
"73","1","202","184","테일","이산화황","7","ppm","0~2000","2분 평균 이산화황         표현범위 →    0 ? 2000 (관측값 × 1000)","260","개방"
"48","1","185","167","테일","풍향","4","°","0~360","60분 평균 풍향(시계방향)","80","개방"
"48","1","185","167","테일","돌풍 풍향","4","°","0~360","60분 돌풍 풍향(시계방향)","100","개방"
"48","1","185","167","테일","돌풍 풍속","7","m/s","0.0~100.0","60분 돌풍 풍속","110","개방"
"48","1","185","167","테일","조도","6","lux","0~120000","60분 평균 조도","120","개방"
"48","1","185","167","테일","자외선","7","UVI","0.0~16.0","60분 평균 자외선","130","개방"
"48","1","185","167","테일","진동(x)","7","g","0.00~16.00","60분 평균 진동(x)","150","개방"
"48","1","185","167","테일","진동(y)","7","g","0.00~16.00","60분 평균 진동(y)","160","개방"
"48","1","185","167","테일","진동(z)","7","g","0.00~16.00","60분 평균 진동(z)","170","개방"
"48","1","185","167","테일","진동(x) 최대","7","g","0.00~16.00","60분 최대 진동(x)","180","개방"
"48","1","185","167","테일","흑구 온도","7","℃","-40.0~120.0","60분 평균 흑구온도","210","개방"
"48","1","185","167","테일","초미세먼지 보정","4","㎍/㎥","0~1500","초미세먼지 국가 관측망 기준 보정 데이터(UI 표현 대상)","220","개방"
"48","1","185","167","테일","미세먼지 보정","4","㎍/㎥","0~1500","미세먼지 국가 관측망 기준 보정 데이터(UI 표현 대상)","230","개방"
"48","1","185","167","테일","전송시간","12","","%Y%M%D%H%I","201912130901","240","개방"
"48","1","185","167","테일","일산화탄소","7","","0~12500","60분 평균 일산화탄소","250","개방"
"48","1","185","167","테일","이산화질소","7","","0~2000","60분 평균 이산화질소","260","개방"
"48","1","185","167","테일","이산화황","7","","0~2000","60분 평균 이산화황","270","개방"
"48","1","185","167","테일","암모니아","7","","0~100000","60분 평균 암모니아","280","개방"
"48","1","185","167","테일","황화수소","7","","0~100000","60분 평균 황화수소","290","개방"
"49","1","185","167","헤더","모델명","7","","SDOT001","모델명","10","개방"
"49","1","185","167","테일","구분(1:평균/2:최대값/3:최소값)","1","","1~3","1:평균/2:최대값/3:최소값","30","개방"
"49","1","185","167","테일","초미세먼지","4","㎍/㎥","0~1500","1일 평균 초미세먼지 관측값","40","개방"
"49","1","185","167","테일","기온","7","℃","-40.0~120.0","1일 평균 기온","60","개방"
"49","1","185","167","테일","상대습도","3","%","0~100","1일 평균 상대습도","70","개방"
"49","1","185","167","테일","풍향","4","&amp;deg;","0~360","1일 평균 풍향","80","개방"
"49","1","185","167","테일","돌풍 풍향","4","&amp;deg;","0~360","1일 돌풍 풍향","100","개방"
"35","1","43","6","테일","초미세먼지","3","㎍/㎥","0~","초미세먼지","40","개방"
"40","1","69","55","테일","전력량4","5","Wh","Null / 0~3520","10분 동안의 누적 전력량(합)","160","개방"
"41","1","121","99","테일","반납시간","14","","","반납시간","40","개방"
"41","1","121","99","테일","반납위도","16","","","반납위도","90","개방"
"44","1","47","41","헤더","모델명","2","","","","1","개방"
"48","1","185","167","테일","기온","7","℃","-40.0~120.0","60분 평균 기온","60","개방"
"48","1","185","167","테일","소음","2","㏈","35~85","60분 평균 소음","140","개방"
"49","1","185","167","테일","풍속","7","m/s","0.0~100.0","1일 평균 풍속","90","개방"
"49","1","185","167","테일","돌풍 풍속","7","m/s","0.0~100.0","1일 돌풍 풍속","110","개방"
"49","1","185","167","테일","조도","6","lux","0~120000","1일 평균 조도","120","개방"
"49","1","185","167","테일","자외선","7","UVI","0.0~16.0","1일 평균 자외선","130","개방"
"49","1","185","167","테일","진동(x)","7","g","0.00~16.00","1일 평균 진동(x)","150","개방"
"49","1","185","167","테일","진동(y)","7","g","0.00~16.00","1일 평균 진동(y)","160","개방"
"49","1","185","167","테일","일산화탄소","7","","0~12500","1일 평균 일산화탄소","250","개방"
"49","1","185","167","테일","이산화황","7","","0~2000","1일 평균 이산화황","270","개방"
"49","1","185","167","테일","황화수소","7","","0~100000","1일 평균 황화수소","290","개방"
"54","1","53","42","헤더","MONAIR_UDID","11","","","디바이스 시리얼넘버","10","내부"
"54","1","53","42","테일","PM010","4","㎍/㎥","0000~1000","단위 공간당 미세먼지 량(PM1.0)","30","내부"
"54","1","53","42","테일","PM100","4","㎍/㎥","0000~1003","단위 공간당 미세먼지 량(PM10","60","내부"
"54","1","53","42","테일","CO2","5","ppm","00400~10000","CO2 측정값","90","내부"
"54","1","53","42","테일","TVOC","5","ppb","00000~60000","TVOC 측정값","100","내부"
"55","1","50","30","헤더","모델명","8","","","모델명","10","내부"
"61","1","36","8","헤더","시리얼","16","","","시리얼넘버","20","개방"
"61","1","36","8","테일","주차여부","4","","3031 : 주차 / 3032 : 공차","주차여부","30","개방"
"61","1","36","8","테일","배터리 용량","3","%","0-100 : 배터리 용량 / 999 : 정보없음","배터리 용량","40","개방"
"75","1","64","53","테일","서버타입","10","","Original","Original","30","개방"
"75","1","64","53","테일","사이트명","10","","","예시:구로시장패킷 길이에서 비어있는 자리수는 *로 대체함","40","개방"
"75","1","64","53","테일","지역명","10","","","예시:구로4동*예시:송학동**패킷 길이에서 비어있는 자리수는 *로 대체함","50","개방"
"77","1","185","167","테일","구분","1","","1~3","1:평균/2:최대값/3:최소값","30","개방"
"77","1","185","167","테일","미세먼지2.5(초미세먼지)","4","㎍/㎥","0~1500","2분 평균 초미세먼지         표현범위 →    0 ? 1500 (관측값)","40","개방"
"77","1","185","167","테일","미세먼지10(미세먼지)","4","㎍/㎥","0~1500","2분 평균 미세먼지         표현범위 →    0 ? 1500 (관측값)","50","개방"
"77","1","185","167","테일","풍속","7","m/s","1~1000","2분 평균 풍속         표현범위 →    1 ? 1000 (관측값 × 10)","90","개방"
"77","1","185","167","테일","진동(y)","7","g","0~1600","2분 평균 진동(y)         표현범위 →    0 ? 1600 (관측값 × 100)","160","개방"
"77","1","185","167","테일","진동(z)","7","g","0~1600","2분 평균 진동(z)         표현범위 →    0 ? 1600 (관측값 × 100)","170","개방"
"15","1","69","48","테일","배터리 부족 ","1","","정상 : 0 비정상(오류) : 1","","4","개방"
"77","1","185","167","테일","이산화질소","7","ppm","0~2000","2분 평균 이산화질소         표현범위 →    0 ? 2000 (관측값 × 1000)","260","개방"
"15","1","69","48","테일","심전도 회로 오류 ","1","","정상 : 0 비정상(오류) : 1","","6","개방"
"15","1","69","48","테일","배터리 경고 ","1","","정상 : 0 비정상(오류) : 1","","7","개방"
"15","1","69","48","테일","시스템 오류 ","1","","정상 : 0 비정상(오류) : 1","","8","개방"
"15","1","69","48","테일","충격 보고 ","1","","정상 : 0 비정상(오류) : 1","","9","개방"
"77","1","185","167","테일","오존","7","ppm","0~2000","2분 평균 오존         표현범위 →    0 ? 2000 (관측값 × 1000)","300","개방"
"15","1","69","48","테일","응급사용 보고 ","1","","정상 : 0 비정상(오류) : 1","","11","개방"
"15","1","69","48","테일","점검중 보고 ","1","","정상 : 0 비정상(오류) : 1","","12","개방"
"15","1","69","48","테일","시스템에 설치 정보 보고","1","","정상 : 0 비정상(오류) : 1","","13","개방"
"15","1","69","48","테일","교체/철거 보고 ","1","","정상 : 0 비정상(오류) : 1","","14","개방"
"15","1","69","48","테일","기기탈착 보고 ","1","","정상 : 0 비정상(오류) : 1","","15","개방"
"78","1","185","167","테일","진동(x)","7","g","0~1600","60분 평균 진동(x)         표현범위 →    0 ? 1600 (관측값 × 100)","150","개방"
"80","1","185","167","테일","미세먼지10(미세먼지)","4","㎍/㎥","0~1500","30분 평균 미세먼지         표현범위 →    0 ? 1500 (관측값)","50","개방"
"15","1","69","48","테일","AED 링크 오류 ","1","","정상 : 0 비정상(오류) : 1","","16","개방"
"15","1","69","48","테일","영하 경보 ","1","","정상 : 0 비정상(오류) : 1","","17","개방"
"15","1","69","48","테일","고온 경보","1","","정상 : 0 비정상(오류) : 1","","18","개방"
"80","1","185","167","테일","소음","2","dB ","35~85","30분 평균 소음         표현범위 →    35 ? 85 (관측값)","140","개방"
"41","1","121","99","테일","대여시간","14","","","대여시간","30","개방"
"42","1","56","38","헤더","모델명","6","","","MB-001","10","개방"
"42","1","56","38","테일","기록시간","19","","","yyyy-mm-dd_hh:mm:ss","70","개방"
"47","1","185","167","테일","일산화탄소","7","ppm","0~12500","10분 평균 일산화탄소","250","개방"
"48","1","185","167","테일","풍속","7","m/s","0.0~100.0","60분 평균 풍속","90","개방"
"49","1","185","167","테일","소음","2","㏈","35~85","1일 평균 소음","140","개방"
"49","1","185","167","테일","이산화질소","7","","0~2000","1일 평균 이산화질소","260","개방"
"54","1","53","42","테일","PM025","4","㎍/㎥","0000~1001","단위 공간당 미세먼지 량(PM2.5)","40","내부"
"55","1","50","30","헤더","시리얼","12","","","시리얼","20","내부"
"55","1","50","30","테일","위도","10","","35.0000000~39.0000000","위도","30","내부"
"55","1","50","30","테일","청소거리","10","m","0m~2000m","청소거리","50","내부"
"61","1","36","8","헤더","모델명","12","","","모델명","10","개방"
"61","1","36","8","테일","레이서센서 상태","1","","0 : 정상 / 1 : 고장 / 9 : 정보없음","레이서센서 상태","50","개방"
"62","1","32","17","테일","상태정보 ((1: 켜짐 / 2 : 장애 / 3 : 꺼짐)","1","","(1: 켜짐 / 2 : 장애 / 3 : 꺼짐","","40","개방"
"75","1","64","53","헤더","모델명","7","","SDOT001","모델명","10","개방"
"75","1","64","53","테일","방문자수","10","","0~9999999999","0000001287","70","개방"
"75","1","64","53","테일","날짜","12","","%Y%M%D%H%I","201912130109","80","개방"
"77","1","185","167","헤더","모델명","7","","SDOT001","모델명","10","개방"
"77","1","185","167","헤더","시리얼","11","","","시리얼","20","개방"
"77","1","185","167","테일","기온","7","℃","500~1800","2분 평균 기온         표현범위 →  500 ? 1800 ((관측값 ＋ 100) × 10)","60","개방"
"77","1","185","167","테일","상대습도","3","%","0~100","2분 평균 상대습도         표현범위 →    0 ? 100 (관측값)","70","개방"
"77","1","185","167","테일","풍향","4","m/s","1~3599","2분 평균 풍향         표현범위 →    1 ? 3599 (관측값 × 10)","80","개방"
"77","1","185","167","테일","돌풍 풍향","4","m/s","0~3599","2분 돌풍 풍향         표현범위 →    0 ? 3599 (관측값 × 10)","100","개방"
"77","1","185","167","테일","진동(x) 최대","7","g","0~1600","2분 최대 진동(x)         표현범위 →    0 ? 1600 (관측값 × 100)","180","개방"
"77","1","185","167","테일","일산화탄소","7","ppm","0~12500","2분 평균 일산화탄소         표현범위 →    0 ? 12500 (관측값 × 1000)","250","개방"
"79","1","185","167","테일","구분","1","","1~3","1:평균/2:최대값/3:최소값","30","개방"
"78","1","185","167","테일","미세먼지10(미세먼지)","4","㎍/㎥","0~1500","60분 평균 미세먼지         표현범위 →    0 ? 1500 (관측값)","50","개방"
"78","1","185","167","테일","조도","6","lux","0~120000","60분 평균 조도         표현범위 →    0 ? 120000 (관측값)","120","개방"
"93","1","36","15","테일","날짜","8","","","날짜","40","개방"
"93","1","36","15","테일","시간","2","","00~23","시간","50","개방"
"112","1","53","34","테일","초미세먼지","4","㎍/㎥","0~9999","초미세먼지","50","내부"
"48","1","185","167","테일","오존","7","","0~2000","60분 평균 오존","300","개방"
"49","1","185","167","테일","오존","7","","0~2000","1일 평균 오존","300","개방"
"54","1","53","42","테일","TIMESTAMP","10","","","데이터 측정 시간(unix timestamp)","20","내부"
"54","1","53","42","테일","PM050","4","㎍/㎥","0000~1002","단위 공간당 미세먼지 량(PM4.0)","50","내부"
"54","1","53","42","테일","HUMIDITY","3","%RH","00&#039;0~100","습도 측정갑","80","내부"
"55","1","50","30","테일","경도","10","","125.000000~129.000000","경도","40","내부"
"62","1","32","17","헤더","시리얼","7","","시리얼넘버","시리얼","20","개방"
"77","1","185","167","테일","돌풍 풍속","7","m/s","0~1000","2분 돌풍 풍속         표현범위 →    0 ? 1000 (관측값 × 10)","110","개방"
"77","1","185","167","테일","소음","2","dB ","35~85","2분 평균 소음         표현범위 →    35 ? 85 (관측값)","140","개방"
"73","1","202","184","헤더","모델명","7","","SDOT001","모델명","10","개방"
"73","1","202","184","헤더","시리얼","11","","","시리얼","20","개방"
"73","1","202","184","테일","진동(y) 최대","7","g","0~1600","2분 최대 진동(y)         표현범위 →    0 ? 1600 (관측값 × 100)","180","개방"
"73","1","202","184","테일","흑구 온도","7","℃","500~1800","2분 평균 흑구온도         표현범위 →  500 ? 1800 ((관측값 ＋ 100) × 10)","200","개방"
"73","1","202","184","테일","pm25 보정","4","㎍/㎥","0~1500","초미세먼지 국가 관측망 기준 보정 데이터(UI 표현 대상)","210","개방"
"73","1","202","184","테일","일산화탄소","7","ppm","0~12500","2분 평균 일산화탄소         표현범위 →    0 ? 12500 (관측값 × 1000)","240","개방"
"73","1","202","184","테일","이산화질소","7","ppm","0~2000","2분 평균 이산화질소         표현범위 →    0 ? 2000 (관측값 × 1000)","250","개방"
"77","1","185","167","테일","진동(x)","7","g","0~1600","2분 평균 진동(x)         표현범위 →    0 ? 1600 (관측값 × 100)","150","개방"
"77","1","185","167","테일","진동(y) 최대","7","g","0~1600","2분 최대 진동(y)         표현범위 →    0 ? 1600 (관측값 × 100)","190","개방"
"77","1","185","167","테일","진동(z) 최대","7","g","0~1600","2분 최대 진동(z)         표현범위 →    0 ? 1600 (관측값 × 100)","200","개방"
"77","1","185","167","테일","흑구 온도","7","℃","500~1800","2분 평균 흑구온도         표현범위 →  500 ? 1800 ((관측값 ＋ 100) × 10)","210","개방"
"77","1","185","167","테일","이산화황","7","ppm","0~2000","2분 평균 이산화황         표현범위 →    0 ? 2000 (관측값 × 1000)","270","개방"
"77","1","185","167","테일","황화수소","7","ppm","0~100000","2분 평균 황화수소         표현범위 →    0 ? 100000 (관측값x1000)","290","개방"
"78","1","185","167","테일","상대습도","3","%","0~100","60분 평균 상대습도         표현범위 →    0 ? 100 (관측값)","70","개방"
"78","1","185","167","테일","돌풍 풍속","7","m/s","0~1000","60분 돌풍 풍속         표현범위 →    0 ? 1000 (관측값 × 10)","110","개방"
"78","1","185","167","테일","pm25 보정","4","㎍/㎥","0~1500","초미세먼지 국가 관측망 기준 보정 데이터(UI 표현 대상)","220","개방"
"78","1","185","167","테일","pm10 보정","4","㎍/㎥","0~1500","미세먼지 국가 관측망 기준 보정 데이터(UI 표현 대상)","230","개방"
"80","1","185","167","테일","자외선","7","UV","0~160","30분 평균 자외선         표현범위 →    0 ? 160 (관측값 × 10)","130","개방"
"74","1","56","38","헤더","시리얼","11","","","시리얼","20","개방"
"84","1","185","167","테일","이산화황","7","ppm","0~2000","30분 평균 이산화황  표현범위 →    0 ? 2000 (관측값 × 1000)","270","개방"
"54","1","53","42","테일","TEMPARUTURE","3","°C","-40~125","온도 측정값","70","내부"
"62","1","32","17","헤더","모델명","8","","","모델명","10","개방"
"75","1","64","53","헤더","시리얼","4","","1001~9999","시리얼","20","개방"
"75","1","64","53","테일","지역아이디","1","","1","1","60","개방"
"73","1","202","184","테일","미세먼지2.5(초미세먼지)","4","㎍/㎥","0~1500","2분 평균 초미세먼지         표현범위 →    0 ? 1500 (관측값)","30","개방"
"73","1","202","184","테일","미세먼지10(미세먼지)","4","㎍/㎥","0~1500","2분 평균 미세먼지         표현범위 →    0 ? 1500 (관측값)","40","개방"
"73","1","202","184","테일","기온","7","℃","500~1800","2분 평균 기온         표현범위 →  500 ? 1800 ((관측값 ＋ 100) × 10)","50","개방"
"73","1","202","184","테일","상대습도","3","%","0~100","2분 평균 상대습도         표현범위 →    0 ? 100 (관측값)","60","개방"
"73","1","202","184","테일","풍향","4","m/s","1~3599","2분 평균 풍향         표현범위 →    1 ? 3599 (관측값 × 10)","70","개방"
"73","1","202","184","테일","풍속","7","m/s","1~1000","2분 평균 풍속         표현범위 →    1 ? 1000 (관측값 × 10)","80","개방"
"73","1","202","184","테일","돌풍 풍향","4","m/s","0~3599","2분 돌풍 풍향         표현범위 →    0 ? 3599 (관측값 × 10)","90","개방"
"73","1","202","184","테일","돌풍 풍속","7","m/s","0~1000","2분 돌풍 풍속         표현범위 →    0 ? 1000 (관측값 × 10)","100","개방"
"73","1","202","184","테일","조도","6","lux","0~120000","2분 평균 조도         표현범위 →    0 ? 120000 (관측값)","110","개방"
"73","1","202","184","테일","자외선","7","UV","0~160","2분 평균 자외선         표현범위 →    0 ? 160 (관측값 × 10)","120","개방"
"73","1","202","184","테일","소음","2","dB ","35~85","2분 평균 소음         표현범위 →    35 ? 85 (관측값)","130","개방"
"73","1","202","184","테일","진동(x)","7","g","0~1600","2분 평균 진동(x)         표현범위 →    0 ? 1600 (관측값 × 100)","140","개방"
"73","1","202","184","테일","진동(y)","7","g","0~1600","2분 평균 진동(y)         표현범위 →    0 ? 1600 (관측값 × 100)","150","개방"
"73","1","202","184","테일","진동(z)","7","g","0~1600","2분 평균 진동(z)         표현범위 →    0 ? 1600 (관측값 × 100)","160","개방"
"73","1","202","184","테일","진동(x) 최대","7","g","0~1600","2분 최대 진동(x)         표현범위 →    0 ? 1600 (관측값 × 100)","170","개방"
"73","1","202","184","테일","진동(z) 최대","7","g","0~1600","2분 최대 진동(z)         표현범위 →    0 ? 1600 (관측값 × 100)","190","개방"
"73","1","202","184","테일","pm10 보정","4","㎍/㎥","0~1500","미세먼지 국가 관측망 기준 보정 데이터(UI 표현 대상)","220","개방"
"73","1","202","184","테일","센서시간","12","","%Y%M%D%H%I","201912130901","230","개방"
"78","1","185","167","테일","진동(y)","7","g","0~1600","60분 평균 진동(y)         표현범위 →    0 ? 1600 (관측값 × 100)","160","개방"
"50","1","26","15","헤더","시리얼","11","PU0","","시리얼","10","개방"
"50","1","26","15","테일","정보1","1","PU1","","정보1","20","개방"
"50","1","26","15","테일","정보2","2","PU2","","정보2","30","개방"
"50","1","26","15","테일","정보3","3","PU3","","정보3","40","개방"
"50","1","26","15","테일","정보4","4","PU4","","정보4","50","개방"
"50","1","26","15","테일","정보5","5","PU5","","정보5","60","개방"
"78","1","185","167","테일","진동(x) 최대","7","g","0~1600","60분 최대 진동(x)         표현범위 →    0 ? 1600 (관측값 × 100)","180","개방"
"78","1","185","167","테일","진동(y) 최대","7","g","0~1600","60분 최대 진동(y)         표현범위 →    0 ? 1600 (관측값 × 100)","190","개방"
"78","1","185","167","테일","이산화질소","7","ppm","0~2000","60분 평균 이산화질소         표현범위 →    0 ? 2000 (관측값 × 1000)","260","개방"
"78","1","185","167","테일","이산화황","7","ppm","0~2000","60분 평균 이산화황         표현범위 →    0 ? 2000 (관측값 × 1000)","270","개방"
"80","1","185","167","테일","진동(z) 최대","7","g","0~1600","30분 최대 진동(z)         표현범위 →    0 ? 1600 (관측값 × 100)","200","개방"
"74","1","56","38","테일","센서 날짜","12","","%Y%M%D%H%I","201912130109","210","개방"
"74","1","56","38","테일","암모니아","1","","0~1","센서 상태 코드 : 1정상. 0비정상","250","개방"
"80","1","185","167","테일","일산화탄소","7","ppm","0~12500","30분 평균 일산화탄소         표현범위 →    0 ? 12500 (관측값 × 1000)","250","개방"
"80","1","185","167","테일","이산화질소","7","ppm","0~2000","30분 평균 이산화질소         표현범위 →    0 ? 2000 (관측값 × 1000)","260","개방"
"112","1","53","34","테일","휘발성유기화합물","5","PPB","0~99999","휘발성유기화합물","60","내부"
"49","1","185","167","테일","암모니아","7","","0~100000","1일 평균 암모니아","280","개방"
"62","1","32","17","테일","보안등구분KEY","16","","","","30","개방"
"77","1","185","167","테일","조도","6","lux","0~120000","2분 평균 조도         표현범위 →    0 ? 120000 (관측값)","120","개방"
"77","1","185","167","테일","pm25 보정","4","㎍/㎥","0~1500","초미세먼지 국가 관측망 기준 보정 데이터(UI 표현 대상)","220","개방"
"77","1","185","167","테일","암모니아","7","ppm","0~100000","2분 평균 암모니아         표현범위 →    0 ? 100000 (관측값x1000)","280","개방"
"78","1","185","167","헤더","모델명","7","","SDOT001","모델명","10","개방"
"78","1","185","167","테일","미세먼지2.5(초미세먼지)","4","㎍/㎥","0~1500","60분 평균 초미세먼지         표현범위 →    0 ? 1500 (관측값)","40","개방"
"78","1","185","167","테일","기온","7","℃","500~1800","60분 평균 기온         표현범위 →  500 ? 1800 ((관측값 ＋ 100) × 10)","60","개방"
"78","1","185","167","테일","돌풍 풍향","4","m/s","0~3599","60분 돌풍 풍향         표현범위 →    0 ? 3599 (관측값 × 10)","100","개방"
"84","1","185","167","테일","황화수소","7","ppm","0~100000","30분 평균 황화수소 표현범위 →    0 ? 100000 (관측값x1000)","290","개방"
"85","1","43","30","테일","온도","4","C","-40 ~ 125","온도","30","개방"
"87","1","23","8","헤더","모델명","6","","","모델명","10","개방"
"74","1","56","38","테일","풍향","1","","0~1","센서 상태 코드 : 1정상. 0비정상","70","개방"
"74","1","56","38","테일","진동(x) 최대","1","","0~1","센서 상태 코드 : 1정상. 0비정상","170","개방"
"74","1","56","38","테일","이산화질소","1","","0~1","센서 상태 코드 : 1정상. 0비정상","230","개방"
"73","1","202","184","테일","암모니아","7","ppm","0~100000","2분 평균 암모니아         표현범위 →    0 ? 100000 (관측값x1000)","270","개방"
"73","1","202","184","테일","황화수소","7","ppm","0~100000","2분 평균 황화수소         표현범위 →    0 ? 100000 (관측값x1000)","280","개방"
"73","1","202","184","테일","오존","7","ppm","0~2000","2분 평균 오존         표현범위 →    0 ? 2000 (관측값 × 1000)","290","개방"
"73","1","202","184","테일","위도","9","°","ddd.mmmmm","순간 위도         표현범위 →  ddd.mmmmm (관측값)","300","개방"
"73","1","202","184","테일","경도","9","°","ddd.mmmmm","순간 경도         표현범위 →  ddd.mmmmm (관측값)","310","개방"
"111","1","930","300","헤더","모델명","6","","","모델명","10","개방"
"111","1","930","300","헤더","시리얼","12","","","시리얼","20","개방"
"111","1","930","300","테일","온도","3","℃","-40~80","온도","30","개방"
"111","1","930","300","테일","습도","3","%","0~100","습도","40","개방"
"111","1","930","300","테일","미세먼지","4","ug/m³","0~1000","PM10","50","개방"
"111","1","930","300","테일","초미세먼지","4","ug/m³","0~1000","PM2.5","60","개방"
"111","1","930","300","테일","휘발성유기화합물","5","ppb","0~60000","휘발성유기화합물(TVOC)","70","개방"
"111","1","930","300","테일","이산화탄소","5","ppm","0~10000","이산화탄소(CO2)","80","개방"
"112","1","53","34","헤더","모델명","7","","","모델명","10","내부"
"112","1","53","34","헤더","시리얼","12","","","시리얼","20","내부"
"112","1","53","34","테일","온도","3","?C","-40~125","온도","30","내부"
"112","1","53","34","테일","습도","3","RH%","0~100","습도","40","내부"
"112","1","53","34","테일","시간","14","","","시간","80","내부"
"78","1","185","167","헤더","시리얼","11","","","시리얼","20","개방"
"78","1","185","167","테일","구분","1","","1~3","1:평균/2:최대값/3:최소값","30","개방"
"78","1","185","167","테일","자외선","7","UV","0~160","60분 평균 자외선         표현범위 →    0 ? 160 (관측값 × 10)","130","개방"
"78","1","185","167","테일","소음","2","dB ","35~85","60분 평균 소음         표현범위 →    35 ? 85 (관측값)","140","개방"
"78","1","185","167","테일","진동(z)","7","g","0~1600","60분 평균 진동(z)         표현범위 →    0 ? 1600 (관측값 × 100)","170","개방"
"78","1","185","167","테일","진동(z) 최대","7","g","0~1600","60분 최대 진동(z)         표현범위 →    0 ? 1600 (관측값 × 100)","200","개방"
"78","1","185","167","테일","흑구 온도","7","℃","500~1800","60분 평균 흑구온도         표현범위 →  500 ? 1800 ((관측값 ＋ 100) × 10)","210","개방"
"78","1","185","167","테일","센서시간","12","","%Y%M%D%H%I","201912130901","240","개방"
"78","1","185","167","테일","일산화탄소","7","ppm","0~12500","60분 평균 일산화탄소         표현범위 →    0 ? 12500 (관측값 × 1000)","250","개방"
"78","1","185","167","테일","암모니아","7","ppm","0~100000","60분 평균 암모니아         표현범위 →    0 ? 100000 (관측값x1000)","280","개방"
"80","1","185","167","테일","구분","1","","1~3","1:평균/2:최대값/3:최소값","30","개방"
"80","1","185","167","테일","미세먼지2.5(초미세먼지)","4","㎍/㎥","0~1500","30분 평균 초미세먼지         표현범위 →    0 ? 1500 (관측값)","40","개방"
"80","1","185","167","테일","진동(x)","7","g","0~1600","30분 평균 진동(x)         표현범위 →    0 ? 1600 (관측값 × 100)","150","개방"
"80","1","185","167","테일","진동(y) 최대","7","g","0~1600","30분 최대 진동(y)         표현범위 →    0 ? 1600 (관측값 × 100)","190","개방"
"80","1","185","167","테일","pm10 보정","4","㎍/㎥","0~1500","미세먼지 국가 관측망 기준 보정 데이터(UI 표현 대상)","230","개방"
"80","1","185","167","테일","이산화황","7","ppm","0~2000","30분 평균 이산화황         표현범위 →    0 ? 2000 (관측값 × 1000)","270","개방"
"83","1","43","23","헤더","시리얼","7","","","시리얼","20","개방"
"84","1","185","167","테일","일산화탄소","7","ppm","0~12500","30분 평균 일산화탄소         표현범위 →    0 ? 12500 (관측값 × 1000)","250","개방"
"84","1","185","167","테일","암모니아","7","ppm","0~100000","30분 평균 암모니아 표현범위 →    0 ? 100000 (관측값x1000)","280","개방"
"84","1","185","167","테일","오존","7","ppm","0~2000","30분 평균 오존 표현범위 →    0 ? 2000 (관측값 × 1000)","300","개방"
"74","1","56","38","테일","돌풍 풍속","1","","0~1","센서 상태 코드 : 1정상. 0비정상","100","개방"
"86","1","23","8","테일","PWR","2","","Y or N","동작 중 : Y 정지 : N","50","개방"
"87","1","46","31","테일","동작 중 : Y 정지 : N","2","","Y or N","동작 중 : Y 정지 : N","60","개방"
"104","1","19","8","헤더","모델명","5","","","모델명","10","개방"
"90","1","30","20","헤더","모델명","3","","","모델명","10","개방"
"90","1","30","20","헤더","시리얼","7","","","시리얼","20","개방"
"90","1","30","20","테일","온도","20","C","-30 ~ 50","온도","30","개방"
"91","1","30","20","헤더","모델명","3","","","모델명","10","개방"
"91","1","30","20","헤더","시리얼","7","","","시리얼","20","개방"
"91","1","30","20","테일","온도","20","C","-30 ~ 50","온도","30","개방"
"112","1","53","34","테일","이산화탄소","5","PPM","400~99999","이산화탄소","70","내부"
"78","1","185","167","테일","황화수소","7","ppm","0~100000","60분 평균 황화수소         표현범위 →    0 ? 100000 (관측값x1000)","290","개방"
"78","1","185","167","테일","오존","7","ppm","0~2000","60분 평균 오존         표현범위 →    0 ? 2000 (관측값 × 1000)","300","개방"
"80","1","185","167","헤더","모델명","7","","SDOT001","모델명","10","개방"
"80","1","185","167","헤더","시리얼","11","","","시리얼","20","개방"
"80","1","185","167","테일","기온","7","℃","500~1800","30분 평균 기온         표현범위 →  500 ? 1800 ((관측값 ＋ 100) × 10)","60","개방"
"80","1","185","167","테일","상대습도","3","%","0~100","30분 평균 상대습도         표현범위 →    0 ? 100 (관측값)","70","개방"
"80","1","185","167","테일","풍향","4","m/s","1~3599","30분 평균 풍향         표현범위 →    1 ? 3599 (관측값 × 10)","80","개방"
"80","1","185","167","테일","진동(y)","7","g","0~1600","30분 평균 진동(y)         표현범위 →    0 ? 1600 (관측값 × 100)","160","개방"
"80","1","185","167","테일","진동(z)","7","g","0~1600","30분 평균 진동(z)         표현범위 →    0 ? 1600 (관측값 × 100)","170","개방"
"80","1","185","167","테일","진동(x) 최대","7","g","0~1600","30분 최대 진동(x)         표현범위 →    0 ? 1600 (관측값 × 100)","180","개방"
"80","1","185","167","테일","흑구 온도","7","℃","500~1800","30분 평균 흑구온도         표현범위 →  500 ? 1800 ((관측값 ＋ 100) × 10)","210","개방"
"80","1","185","167","테일","pm25 보정","4","㎍/㎥","0~1500","초미세먼지 국가 관측망 기준 보정 데이터(UI 표현 대상)","220","개방"
"80","1","185","167","테일","센서시간","12","","%Y%M%D%H%I","201912130901","240","개방"
"80","1","185","167","테일","암모니아","7","ppm","0~100000","30분 평균 암모니아         표현범위 →    0 ? 100000 (관측값x1000)","280","개방"
"80","1","185","167","테일","황화수소","7","ppm","0~100000","30분 평균 황화수소         표현범위 →    0 ? 100000 (관측값x1000)","290","개방"
"80","1","185","167","테일","오존","7","ppm","0~2000","30분 평균 오존         표현범위 →    0 ? 2000 (관측값 × 1000)","300","개방"
"83","1","43","23","헤더","모델명","13","","","모델명","10","개방"
"84","1","185","167","테일","이산화질소","7","ppm","0~2000","30분 평균 이산화질소         표현범위 →    0 ? 2000 (관측값 × 1000)","260","개방"
"85","1","43","30","헤더","시리얼","5","","","시리얼","20","개방"
"85","1","43","30","테일","습도","3","%","0~100","습도","40","개방"
"85","1","43","30","테일","미세먼지","4","μm","0~1000","미세먼지","50","개방"
"79","1","185","167","헤더","모델명","7","","SDOT001","모델명","10","개방"
"79","1","185","167","헤더","시리얼","11","","","시리얼","20","개방"
"85","1","43","30","테일","초미세먼지","4","㎍","0~1000","초미세먼지","60","개방"
"85","1","43","30","테일","유동인구","6","명","0~100000","유동인구","70","개방"
"85","1","43","30","테일","교통량","6","ea","0~100000","교통량","80","개방"
"85","1","43","30","테일","속도","3","km/h","0~300","속도","90","개방"
"86","1","23","8","헤더","모델명","6","","","모델명","10","개방"
"106","1","19","8","헤더","모델명","5","","","모델명","10","개방"
"83","1","43","23","테일","초미세먼지","4","㎍/㎡","0~9999","초미세먼지","30","개방"
"83","1","43","23","테일","미세먼지","4","㎍/㎡","0~9999","미세먼지","40","개방"
"83","1","43","23","테일","온도","2","℃","0 ~ 99","온도","50","개방"
"83","1","43","23","테일","습도","3","%","0 ~ 999","습도","60","개방"
"83","1","43","23","테일","총 유기 휘발성 화합물","5","ppb","0~99999","총 유기 휘발성 화합물","70","개방"
"83","1","43","23","테일","이산화탄소","5","ppm","0~99999","이산화탄소","80","개방"
"84","1","185","167","헤더","모델명","7","","SDOT001","모델명","10","개방"
"84","1","185","167","헤더","시리얼","11","","","시리얼","20","개방"
"84","1","185","167","테일","구분(1:평균/2:최대값/3:최소값)","1","","1~3","1:평균/2:최대값/3:최소값","30","개방"
"84","1","185","167","테일","미세먼지2.5(초미세먼지)","4","㎍/㎥","0~1500","30분 평균 초미세먼지         표현범위 →    0 ? 1500 (관측값)","40","개방"
"84","1","185","167","테일","미세먼지10(미세먼지)","4","㎍/㎥","0~1500","30분 평균 미세먼지 표현범위 →    0 ? 1500 (관측값)","50","개방"
"84","1","185","167","테일","기온","7","℃","500~1800","30분 평균 기온 표현범위 →  500 ? 1800 ((관측값 ＋ 100) × 10)","60","개방"
"84","1","185","167","테일","상대습도","3","%","0~100","30분 평균 상대습도 표현범위 →    0 ? 100 (관측값)","70","개방"
"84","1","185","167","테일","풍향","4","m/s","1~3599","30분 평균 풍향 표현범위 →    1 ? 3599 (관측값 × 10)","80","개방"
"84","1","185","167","테일","소음","2","㏈","35~85","30분 평균 소음 표현범위 →    35 ? 85 (관측값)","140","개방"
"84","1","185","167","테일","진동(x)","7","g","0~1600","30분 평균 진동(x) 표현범위 →    0 ? 1600 (관측값 × 100)","150","개방"
"84","1","185","167","테일","진동(y)","7","g","0~1600","30분 평균 진동(y) 표현범위 →    0 ? 1600 (관측값 × 100)","160","개방"
"84","1","185","167","테일","진동(z)","7","g","0~1600","30분 평균 진동(z) 표현범위 →    0 ? 1600 (관측값 × 100)","170","개방"
"85","1","43","30","헤더","모델명","8","","","모델명","10","개방"
"104","1","19","8","헤더","시리얼","6","","","시리얼","20","개방"
"104","1","19","8","테일","주차유무","2","","0 ~ 1","주차유무","30","개방"
"104","1","19","8","테일","허용여부(0 - 불용 1 - 허용)","2","","0 ~ 1","허용여부","40","개방"
"104","1","19","8","테일","차량번호","4","","4","차량번호 뒷자리","50","비공개"
"105","1","19","8","헤더","모델명","5","","","모델명","10","개방"
"105","1","19","8","헤더","시리얼","6","","","시리얼","20","개방"
"105","1","19","8","테일","주차유무","2","","0 ~ 1","주차유무","30","개방"
"105","1","19","8","테일","허용여부(0 - 불용 1 - 허용)","2","","0 ~ 1","허용여부","40","개방"
"105","1","19","8","테일","차량번호","4","","4","차량번호 뒷자리","50","비공개"
"106","1","19","8","헤더","시리얼","6","","","시리얼","20","개방"
"79","1","185","167","테일","미세먼지2.5(초미세먼지)","4","㎍/㎥","0~1500","1일 평균 초미세먼지         표현범위 →    0 ? 1500 (관측값)","40","개방"
"87","1","23","8","헤더","시리얼","9","","","시리얼","20","개방"
"87","1","23","8","테일","IN_CNT","3","대","0 ~ 99","진입차량수","30","개방"
"87","1","23","8","테일","PED_CNT","3","명","0 ~ 99(없을경우999)","보행자 감지 수","40","개방"
"87","1","23","8","테일","PWR","2","","Y or N","동작 중 : Y 정지 : N","50","개방"
"88","1","31","15","헤더","모델명","8","","","모델명","10","개방"
"88","1","31","15","헤더","시리얼","8","","","시리얼","20","개방"
"88","1","31","15","테일","서브시스템 ID","2","","","Zone내 서브시스템 ID","30","개방"
"88","1","31","15","테일","진입차량수_L","3","","","왼쪽방향 진입차량수","40","개방"
"88","1","31","15","테일","평균진입속도_L","2","","","왼쪽방향 평균진입속도","50","개방"
"88","1","31","15","테일","진입차량수_R","3","","","오른쪽방향 진입차량수","60","개방"
"88","1","31","15","테일","평균진입속도_R","2","","","오른쪽방향 평균진입속도","70","개방"
"79","1","185","167","테일","미세먼지10(미세먼지)","4","㎍/㎥","0~1500","1일 평균 미세먼지         표현범위 →    0 ? 1500 (관측값)","50","개방"
"79","1","185","167","테일","기온","7","℃","500~1800","1일 평균 기온         표현범위 →  500 ? 1800 ((관측값 ＋ 100) × 10)","60","개방"
"79","1","185","167","테일","상대습도","3","%","0~100","1일 평균 상대습도         표현범위 →    0 ? 100 (관측값)","70","개방"
"79","1","185","167","테일","풍향","4","m/s","1~3599","1일 평균 풍향         표현범위 →    1 ? 3599 (관측값 × 10)","80","개방"
"79","1","185","167","테일","풍속","7","m/s","1~1000","1일 평균 풍속         표현범위 →    1 ? 1000 (관측값 × 10)","90","개방"
"79","1","185","167","테일","돌풍 풍향","4","m/s","0~3599","1일 돌풍 풍향         표현범위 →    0 ? 3599 (관측값 × 10)","100","개방"
"79","1","185","167","테일","돌풍 풍속","7","m/s","0~1000","1일 돌풍 풍속         표현범위 →    0 ? 1000 (관측값 × 10)","110","개방"
"79","1","185","167","테일","조도","6","lux","0~120000","1일 평균 조도         표현범위 →    0 ? 120000 (관측값)","120","개방"
"79","1","185","167","테일","자외선","7","UV","0~160","1일 평균 자외선         표현범위 →    0 ? 160 (관측값 × 10)","130","개방"
"88","1","31","15","테일","보행자감지이벤트수","3","","","보행자감지이벤트수","80","개방"
"93","1","36","15","헤더","모델명","7","","","모델명","10","개방"
"93","1","36","15","헤더","시리얼","14","","","시리얼","20","개방"
"93","1","36","15","테일","유동인구","5","명","0 ~ 65535","유동인구","30","개방"
"96","1","65","35","헤더","모델명","15","","","PARKING-SENSOR","10","개방"
"96","1","65","35","헤더","시리얼","15","","","111467200000","20","개방"
"96","1","65","35","테일","데이터요청일시","20","","","YYYYMMDDHH24","30","개방"
"96","1","65","35","테일","총주차면수","5","면","","주차총건수","40","개방"
"96","1","65","35","테일","주차면수","5","면","","주차건수","50","개방"
"96","1","65","35","테일","비주차면수","5","면","","비주차건수","60","개방"
"97","1","90","60","헤더","모델명","15","","","AirGuard-K","10","개방"
"97","1","90","60","헤더","시리얼","15","","","V01G1613537","20","개방"
"97","1","90","60","테일","데이터관측일시","20","","","YYYYMMDDHH24MI","30","개방"
"97","1","90","60","테일","온도","5","℃","","값 / 10 - 100 = ℃","40","개방"
"97","1","90","60","테일","습도","5","%","","","50","개방"
"97","1","90","60","테일","미세먼지","5","㎍/㎥","","","60","개방"
"97","1","90","60","테일","소음","5","㏈","","","70","개방"
"97","1","90","60","테일","이산화탄소","5","ppm","","","80","개방"
"2","1","36","8","테일","신호등이 점멸신호일때 건너는 사람 감지회수 Counter","2","회","0 ~ 99","신호등이 점멸신호일때 건너는 사람 감지회수(5분동안총합)","50","개방"
"13","1","52","34","테일","교차로3평균진입속도","3","km/h","000 ~ 999","교차로 3로 정해진 곳으로 진입 하는 평균 진입 속도","100","개방"
"13","2","42","23","테일","미세먼지임계값","3","ug/m3","000~999","미세먼지 임계치 미세먼지 임계치에 도달시 스프레이 분사","90","개방"
"13","2","42","23","테일","분사주기","2","","00 ~ 99","스프레이 분사 주기","100","개방"
"13","2","42","23","테일","데이터전송주기","2","","00 ~ 99","데이터 전송 주기","110","개방"
"14","1","37","29","헤더","모델명","4","","","모델명","1","개방"
"14","1","37","29","헤더","시리얼","4","","","시리얼고유기기번호","2","개방"
"14","1","37","29","테일","센싱시간","25","시","","타임스탬프값","3","개방"
"106","1","19","8","테일","주차유무","2","","0 ~ 1","주차유무","30","개방"
"106","1","19","8","테일","허용여부(0 - 불용 1 - 허용)","2","","0 ~ 1","허용여부","40","개방"
"106","1","19","8","테일","차량번호","4","","4","차량번호 뒷자리","50","비공개"
"79","1","185","167","테일","소음","2","dB ","35~85","1일 평균 소음         표현범위 →    35 ? 85 (관측값)","140","개방"
"79","1","185","167","테일","진동(x)","7","g","0~1600","1일 평균 진동(x)         표현범위 →    0 ? 1600 (관측값 × 100)","150","개방"
"79","1","185","167","테일","진동(y)","7","g","0~1600","1일 평균 진동(y)         표현범위 →    0 ? 1600 (관측값 × 100)","160","개방"
"79","1","185","167","테일","진동(z)","7","g","0~1600","1일 평균 진동(z)         표현범위 →    0 ? 1600 (관측값 × 100)","170","개방"
"79","1","185","167","테일","진동(x) 최대","7","g","0~1600","1일 최대 진동(x)         표현범위 →    0 ? 1600 (관측값 × 100)","180","개방"
"79","1","185","167","테일","진동(y) 최대","7","g","0~1600","1일 최대 진동(y)         표현범위 →    0 ? 1600 (관측값 × 100)","190","개방"
"79","1","185","167","테일","진동(z) 최대","7","g","0~1600","1일 최대 진동(z)         표현범위 →    0 ? 1600 (관측값 × 100)","200","개방"
"79","1","185","167","테일","흑구 온도","7","℃","500~1800","1일 평균 흑구온도         표현범위 →  500 ? 1800 ((관측값 ＋ 100) × 10)","210","개방"
"79","1","185","167","테일","pm25 보정","4","㎍/㎥","0~1500","초미세먼지 국가 관측망 기준 보정 데이터(UI 표현 대상)","220","개방"
"79","1","185","167","테일","pm10 보정","4","㎍/㎥","0~1500","미세먼지 국가 관측망 기준 보정 데이터(UI 표현 대상)","230","개방"
"2","1","36","8","테일","신호등이 초록불에 건너는 사람 감지회수 Counter","2","회","0 ~ 99","신호등이 초록불에 건너는 사람 감지회수(5분동안총합)","30","개방"
"15","1","69","48","헤더","모델명","10","","문자열","L.SEND 모델명(LS-OLOR153)","10","개방"
"15","1","69","48","테일","고전압 회로 오류 ","1","","정상 : 0 비정상(오류) : 1","","30","개방"
"79","1","185","167","테일","센서시간","12","","%Y%M%D%H%I","201912130901","240","개방"
"79","1","185","167","테일","일산화탄소","7","ppm","0~12500","1일 평균 일산화탄소         표현범위 →    0 ? 12500 (관측값 × 1000)","250","개방"
"79","1","185","167","테일","이산화질소","7","ppm","0~2000","1일 평균 이산화질소         표현범위 →    0 ? 2000 (관측값 × 1000)","260","개방"
"79","1","185","167","테일","이산화황","7","ppm","0~2000","1일 평균 이산화황         표현범위 →    0 ? 2000 (관측값 × 1000)","270","개방"
"79","1","185","167","테일","암모니아","7","ppm","0~100000","1일 평균 암모니아         표현범위 →    0 ? 100000 (관측값x1000)","280","개방"
"79","1","185","167","테일","황화수소","7","ppm","0~100000","1일 평균 황화수소         표현범위 →    0 ? 100000 (관측값x1000)","290","개방"
"79","1","185","167","테일","오존","7","ppm","0~2000","1일 평균 오존         표현범위 →    0 ? 2000 (관측값 × 1000)","300","개방"
"2","1","36","8","테일","신호등이 빨간불에 건너는 사람 감지회수","2","회","0 ~ 99","신호등이 빨간불에 건너는 사람  감지회수(5분동안총합)","40","개방"
"17","1","87","64","테일","램프고장","1","","0(정상)/1(고장)","램프고장 여부","240","개방"
"17","1","87","64","테일","이상점등","1","","0(정상)/1(고장)","이상점등 여부","250","개방"
"15","1","69","48","헤더","모델명","10","","문자열","L.SEND 모델명(LS-OLOR153)","1","개방"
"2","1","36","8","테일","시각장애인 용 보조장치 사용 신호 감지 회수","2","회","0 ~ 99","시각장애인 용 보조장치 사용 신호 감지 회수(5분동안총합)","60","개방"
"13","1","52","34","테일","교차로2진입차량수","4","건수","0000 ~ 9999","교차로 2로 정해진 곳으로 진입 차량 대수","70","개방"
"13","1","52","34","테일","교차로4진입차량수","4","건수","0000 ~ 9999","교차로 4로 정해진 곳으로 진입 차량 대수","110","개방"
"13","1","52","34","테일","교차로4평균진입속도","3","km/h","000 ~ 999","교차로 4로 정해진 곳으로 진입 하는 평균 진입 속도","120","개방"
"13","2","42","23","헤더","ID","11","","","IoT기기별 시리얼(고유ID)","20","개방"
"13","2","42","23","테일","온도","3","℃","-99 ~ +99","온도","30","개방"
"13","2","42","23","테일","습도","2","%","00 ~ 99","습도","40","개방"
"22","2","90","60","테일","소음","5","㏈","","","70","개방"
"22","2","90","60","테일","이산화탄소","5","ppm","","","80","개방"
"22","2","90","60","테일","휘발성유기화합물","5","ppb","","","90","개방"
"22","2","90","60","테일","초미세먼지","5","㎍/㎥","","","100","개방"
"22","2","90","60","테일","학습능률지수","5","%","","","110","개방"
"22","3","65","35","헤더","모델명","15","","","PARKING-SENSOR","10","개방"
"22","3","65","35","헤더","시리얼","15","","","111467200000","20","개방"
"22","3","65","35","테일","데이터요청일시","20","","","YYYYMMDDHH24","30","개방"
"22","3","65","35","테일","총주차면수","5","면","","주차총건수","40","개방"
"22","3","65","35","테일","주차면수","5","면","","주차건수","50","개방"
"22","3","65","35","테일","비주차면수","5","면","","비주차건수","60","개방"
"3","1","23","7","헤더","모델명","6","","","IoT기기 모델명(NTS100)","10","개방"
"3","1","23","7","헤더","고유번호","10","","","IoT기기별 고유ID","20","개방"
"13","1","52","34","테일","교차로2평균진입속도","3","km/h","000 ~ 999","교차로 2로 정해진 곳으로 진입 하는 평균 진입 속도","80","개방"
"13","1","52","34","테일","교차로3진입차량수","4","건수","0000 ~ 9999","교차로 3로 정해진 곳으로 진입 차량 대수","90","개방"
"13","2","42","23","헤더","모델명","8","","","IoT기기 모델명","10","개방"
"17","1","87","64","테일","심야소등시작시간","2","시","XX00~23","심야소등시작시간","80","개방"
"17","1","87","64","테일","심야소등시작분","2","분","00~59","심야소등시작분","90","개방"
"17","1","87","64","테일","심야소등해제시간","2","시","00~23","심야소등해제시간","100","개방"
"17","1","87","64","테일","심야소등해제분","2","분","00~59","심야소등해제분","110","개방"
"17","1","87","64","테일","심야소등적용기간","8","날짜","0101~1231","심야소등적용기간","120","개방"
"24","3","206","192","테일","ID","32","정수","32자리","단말ID(기기의 일련번호)","50","개방"
"24","3","206","192","테일","통신코드","2","정수","00 ~ 99","작업코드(서버와 단말 간 통신코드) ex) 01(단말기-&gt;서버로 현재 상태정보 전송)","60","개방"
"24","3","206","192","테일","보조ID(패킷전송 ID)","6","정수","000000 ~ 999999","보조ID(패킷전송할때 사용하는 ID)","70","개방"
"24","3","206","192","테일","단말 부팅 후 운영시간","8","소수","0000000 ~ 99999999","단말 부팅 후 운영시간 ex) 1.52 : 1시간 52분 운영 중","80","개방"
"24","3","206","192","테일","단말 RF PLL상태","1","정수","1: 정상 0:비정상","단말 RF PLL 상태","90","개방"
"24","3","206","192","테일","단말 FPGA 상태","1","정수","1: 정상 0:비정상","단말 FPGA 상태","100","개방"
"24","3","206","192","테일","위치정보를 받아오는 단말","1","정수","0:Slave 1:Master","Master : NB-IoT를 이용해 위성정보를 받아오는 단말 Slave : Master로 부터 위성정보를 받는 단말","110","개방"
"24","3","206","192","테일","Slave의 시간 동기 상태","2","정수","0:IDLE 1:RUN 2:Done 3:Out","Slave의 시간 동기 상태","120","개방"
"3","1","23","7","테일","IoT기기상태값","1","","OFF = 0 ON = 1 UNKNOWN = 2","IoT기기 상태값","30","개방"
"3","1","23","7","테일","악취저감장치상태","1","","OFF = 0 ON = 1 UNKNOWN = 2","악취저감장치 상태(1시간 마다 체크한 ON/OFF 상태값)","40","개방"
"3","1","23","7","테일","악취저감장치 연속OFF시간","5","","계속 켜짐 = 0 1시간 연속 OFF = 1 48시간 연속 OFF = 48","저감장치가 &quot;연속적으로&quot; 꺼진 시간(예를들어 계속 켜지면 0 1시간 연속 OFF면 1 48시간 연속 OFF면 48 등이 됩니다.)","50","개방"
"13","1","52","34","헤더","모델명","7","","ITB-X2P","ITB-X2P","10","개방"
"13","1","52","34","헤더","기기별 시리얼(고유ID)","11","","xxxxxxxxxxxx","Unique ID","20","개방"
"13","1","52","34","테일","인터페이스코드","3","","X03","","30","개방"
"13","1","52","34","테일","시퀀스번호","3","","000 ~ 999","","40","개방"
"13","1","52","34","테일","교차로1진입차량수","4","건수","0000 ~ 9999","교차로 1로 정해진 곳으로 진입 차량 대수","50","개방"
"13","1","52","34","테일","교차로1평균진입속도","3","km/h","000 ~ 999","교차로 1로 정해진 곳으로 진입 하는 평균 진입 속도","60","개방"
"17","1","87","64","헤더","시리얼","15","","","시리얼","20","개방"
"17","1","87","64","테일","접속간격","3","분","060~240","접속하는 간격","30","개방"
"17","1","87","64","테일","수동유지","2","분","1~30","수동유지되는 시간","40","개방"
"17","1","87","64","테일","지역ID","1","","0~9A~G","전국 지역구분값","50","개방"
"17","1","87","64","테일"," 점등편차","3","분","-79~+79","점등시간조절값","60","개방"
"24","3","206","192","테일","FPGA 송출 파워","2","정수","0 ~ 0xFF","FPGA 송출 파워 값이 낮을 수록 높은 신호 출력","270","개방"
"24","3","206","192","테일","단말이 송출하고 있는 WGS84 좌표","50","배열","36.000000128.00000080","단말이 송출하고 있는 WGS84 좌표 고도는 측정치 ex) GoogleMap 기준 서울시 좌표는 : 37.566656 126.978410","280","개방"
"25","1","33","33","테일","날짜","19","","","날짜(YYYY-MM-DDT00:00:00)","30","개방"
"25","1","33","33","테일","탐지된 대상의 체류 총합 시간","8","초","0~99999999","탐지된 대상의 체류 총합 시간을 의미","60","개방"
"28","1","25","17","헤더","기기ID","8","정수","000000 ~ 999999","화재감지기 기기ID","10","개방"
"28","1","25","17","테일","연기감지 여부 ","1","정수","정상 - 0 / 연기감지 - 1","연기 감지 여부","20","개방"
"28","1","25","17","테일","배터리잔량","1","정수","현재수집되지 않음(미적용)","현재수집되지 않음(미적용)","40","개방"
"28","1","25","17","테일","날짜","14","정수","yyyyMMddHHmmss","패킷 전송시간 ex) 20190830092715","50","개방"
"29","1","24","11","헤더","모델명","3","","","모델명","10","개방"
"29","1","24","11","헤더","시리얼","10","","","시리얼","20","개방"
"29","1","24","11","테일","가동유무 (0-비가동 1-가동)","1","","0 ~ 1","0-비가동 1-가동","30","개방"
"29","1","24","11","테일","사용전력","4","W","0 ~ 3520","가전기기 사용전력","40","개방"
"24","1","19","5","헤더","프로토콜 관리","4","","","프로토콜 관리","30","개방"
"24","1","19","5","테일","예비","1","","","예비","80","개방"
"24","3","206","192","헤더","IOT 장비 분류","2","정수","00 ~ 99","IOT 장비 분류","10","개방"
"24","3","206","192","헤더","제조사","2","정수","00 ~ 99","제조사","20","개방"
"34","1","87","64","테일","심야소등시작시간","2","시","XX00~23","심야소등시작시간","80","개방"
"34","1","87","64","테일","심야소등시작분","2","분","00~59","심야소등시작분","90","개방"
"34","1","87","64","테일","심야소등해제시간","2","시","00~23","심야소등해제시간","100","개방"
"24","2","106","92","테일","이산화탄소","6","ppm","정수 4자리 소수 2자리","이산화탄소","120","개방"
"24","2","106","92","테일","GPS 측위 성공 여부","1","정수","0 : 실패 1: 성공","GPS 측위 성공 여부","130","개방"
"24","2","106","92","테일","GPSGPS 측정값","27","정수","경도 정수 3자리 경도 소수 6자리 위도 정수 3자리 위도 소수 6자리 고도 정수 3자리 고도 소수 6자리","GPS 측정 값","140","개방"
"24","2","106","92","테일","조명 상태","1","정수","0 : 조명 꺼짐 1 : 조명 켜짐","조명 상태","150","개방"
"24","2","106","92","테일","침묵모드","1","정수","0 : 해제 1: 설정","침묵모드","200","개방"
"25","1","33","33","테일","센서 시리얼번호","1","","1~8","센서 시리얼 번호 총8개의 센서가 있고 각 센서별로 1~8까지의 번호를 부여하여 식별","40","개방"
"25","1","33","33","테일","방문인원","5","명","0~99999","방문인원","50","개방"
"28","1","25","17","테일","현재 온도 ","1","정수","70℃ 미만 - 0  / 70℃ 이상 -1 ","70도 미만/이상에 따라 0또는 1표기 ","30","개방"
"30","1","202","184","테일","오존","7","ppm","0~2000 ","2분 평균 오존","290","개방"
"31","1","56","38","헤더","모델명","7","","dot","모델명","10","개방"
"31","1","56","38","테일","풍향","1","","0~1","센서 상태 코드 : 1정상. 0비정상","70","개방"
"31","1","56","38","테일","풍속","1","m/s","0~1","센서 상태 코드 : 1정상. 0비정상","80","개방"
"31","1","56","38","테일","돌풍 풍향","1","","0~1","센서 상태 코드 : 1정상. 0비정상","90","개방"
"37","1","55","23","테일","위도","9","","37.XXXXXX","위도","30","내부"
"37","1","55","23","테일","경도","10","","126.XXXXXX","경도","40","내부"
"37","1","55","23","테일","등 밝기(000:소등 001~100: 점등(디밍))","3","%","000~100","000:소등 001~100: 점등(디밍)","50","개방"
"37","1","55","23","테일","불량 여부","1","","0 1","불량 여부","60","개방"
"38","1","55","23","헤더","모델명","16","","","모델명","10","개방"
"38","1","55","23","헤더","시리얼","16","","","시리얼","20","개방"
"38","1","55","23","테일","위도","9","","37.XXXXXX","위도","30","개방"
"31","1","56","38","테일","센서 날짜","12","","%Y%M%D%H%I","201912130109","210","개방"
"31","1","56","38","테일","일산화탄소","1","","0~1","센서 상태 코드 : 1정상. 0비정상","220","개방"
"31","1","56","38","테일","이산화질소","1","","0~1","센서 상태 코드 : 1정상. 0비정상","230","개방"
"31","1","56","38","테일","이산화황","1","","0~1","센서 상태 코드 : 1정상. 0비정상","240","개방"
"31","1","56","38","테일","암모니아","1","","0~1","센서 상태 코드 : 1정상. 0비정상","250","개방"
"31","1","56","38","테일","황화수소","1","","0~1","센서 상태 코드 : 1정상. 0비정상","260","개방"
"31","1","56","38","테일","오존","1","","0~1","센서 상태 코드 : 1정상. 0비정상","270","개방"
"31","1","56","38","테일","위도","1","","0~1","센서 상태 코드 : 1정상. 0비정상","280","개방"
"31","1","56","38","테일","경도","1","","0~1","센서 상태 코드 : 1정상. 0비정상","290","개방"
"36","1","87","64","헤더","모델명","8","","","모델명","10","개방"
"36","1","87","64","테일","수동/강제상태","1","","0(수동)/1(강제)/2(일반)","수동/강제상태","300","개방"
"42","1","56","38","헤더","시리얼","12","","","-00001 ~ -00003","20","개방"
"42","1","56","38","테일","온도","6","C","-30 ~ 50","온도","30","개방"
"42","1","56","38","테일","습도","5","%","0 ~ 99","습도","40","개방"
"41","1","121","99","헤더","모델명","8","","","모델명","10","개방"
"47","1","185","167","테일","구분","1","","1~3","1:평균/2:최대값/3:최소값","30","개방"
"48","1","185","167","테일","진동(y) 최대","7","g","0.00~16.00","60분 최대 진동(y)","190","개방"
"48","1","185","167","테일","진동(z) 최대","7","g","0.00~16.00","60분 최대 진동(z)","200","개방"
"74","1","56","38","테일","미세먼지10(미세먼지)","1","","0~1","센서 상태 코드 : 1정상. 0비정상","40","개방"
"74","1","56","38","테일","기온","1","","0~1","센서 상태 코드 : 1정상. 0비정상","50","개방"
"49","1","185","167","헤더","시리얼","11","","","시리얼","20","개방"
"49","1","185","167","테일","미세먼지","4","㎍/㎥","0~1500","1일 평균 미세먼지 관측값","50","개방"
"77","1","185","167","테일","센서시간","12","","%Y%M%D%H%I","201912130901","240","개방"
"77","1","185","167","테일","자외선","7","UV","0~160","2분 평균 자외선         표현범위 →    0 ? 160 (관측값 × 10)","130","개방"
"77","1","185","167","테일","pm10 보정","4","㎍/㎥","0~1500","미세먼지 국가 관측망 기준 보정 데이터(UI 표현 대상)","230","개방"
"78","1","185","167","테일","풍향","4","m/s","1~3599","60분 평균 풍향         표현범위 →    1 ? 3599 (관측값 × 10)","80","개방"
"78","1","185","167","테일","풍속","7","m/s","1~1000","60분 평균 풍속         표현범위 →    1 ? 1000 (관측값 × 10)","90","개방"
"80","1","185","167","테일","풍속","7","m/s","1~1000","30분 평균 풍속         표현범위 →    1 ? 1000 (관측값 × 10)","90","개방"
"80","1","185","167","테일","돌풍 풍향","4","m/s","0~3599","30분 돌풍 풍향         표현범위 →    0 ? 3599 (관측값 × 10)","100","개방"
"80","1","185","167","테일","돌풍 풍속","7","m/s","0~1000","30분 돌풍 풍속         표현범위 →    0 ? 1000 (관측값 × 10)","110","개방"
"80","1","185","167","테일","조도","6","lux","0~120000","30분 평균 조도         표현범위 →    0 ? 120000 (관측값)","120","개방"
"84","1","185","167","테일","풍속","7","m/s","1~1000","30분 평균 풍속 표현범위 →    1 ? 1000 (관측값 × 10)","90","개방"
"84","1","185","167","테일","돌풍 풍향","4","m/s","0~3599","30분 돌풍 풍향 표현범위 →    0 ? 3599 (관측값 × 10)","100","개방"
"84","1","185","167","테일","돌풍 풍속","7","m/s","0~1000","30분 돌풍 풍속 표현범위 →    0 ? 1000 (관측값 × 10)","110","개방"
"84","1","185","167","테일","조도","6","lux","0~120000","30분 평균 조도 표현범위 →    0 ? 120000 (관측값)","120","개방"
"84","1","185","167","테일","자외선","7","UVI","0~160","30분 평균 자외선 표현범위 →    0 ? 160 (관측값 × 10)","130","개방"
"84","1","185","167","테일","센서시간","12","","%Y%M%D%H%I","201912130901","240","개방"
"84","1","185","167","테일","진동(x) 최대","7","g","0~1600","30분 최대 진동(x) 표현범위 →    0 ? 1600 (관측값 × 100)","180","개방"
"84","1","185","167","테일","진동(y) 최대","7","g","0~1600","30분 최대 진동(y) 표현범위 →    0 ? 1600 (관측값 × 100)","190","개방"
"84","1","185","167","테일","진동(z) 최대","7","g","0~1600","30분 최대 진동(z) 표현범위 →    0 ? 1600 (관측값 × 100)","200","개방"
"84","1","185","167","테일","흑구 온도","7","℃","500~1800","30분 평균 흑구온도 표현범위 →  500 ? 1800 ((관측값 ＋ 100) × 10)","210","개방"
"84","1","185","167","테일","pm25 보정","4","㎍/㎥","0~1500","초미세먼지 국가 관측망 기준 보정 데이터(UI 표현 대상)","220","개방"
"84","1","185","167","테일","pm10 보정","4","㎍/㎥","0~1500","미세먼지 국가 관측망 기준 보정 데이터(UI 표현 대상)","230","개방"
"86","1","23","8","헤더","시리얼","9","","","시리얼","20","개방"
"86","1","23","8","테일","IG_CNT","3","대","0 ~ 99","불법주정차 감지수","30","개방"
"86","1","23","8","테일","5M_IG_CNT","3","대","0 ~ 99","5분이상 주정차 차량 감지수","40","개방"
"97","1","90","60","테일","휘발성유기화합물","5","ppb","","","90","개방"
"97","1","90","60","테일","초미세먼지","5","㎍/㎥","","","100","개방"
"97","1","90","60","테일","학습능률지수","5","%","","","110","개방"
"99","1","60","30","헤더","모델명","15","","","WIFI-SENSOR","10","개방"
"99","1","60","30","헤더","시리얼","15","","","111467101302","20","개방"
"99","1","60","30","테일","데이터요청일시","20","","","YYYYMMDDHH24","30","개방"
"99","1","60","30","테일","고유장치수","10","개","","해당 센싱 지역에서 감지 된 고유 장치의 수","40","개방"
"1","1","22","7","헤더","모델명","8","TEET MODEL","","모델명","10","개방"
"1","1","22","7","헤더","시리얼넘버","7","PU1","","시리얼넘버","20","개방"
"1","1","22","7","테일","정보1","2","PU2","","값1","30","개방"
"1","1","22","7","테일","정보2","2","PU3","","값2","40","개방"
"1","1","22","7","테일","정보3","2","PU4","","값3","50","개방"
"48","1","185","167","헤더","모델명","7","","SDOT001","모델명","10","개방"
"49","1","185","167","테일","진동(z)","7","g","0.00~16.00","1일 평균 진동(z)","170","개방"
"49","1","185","167","테일","진동(x) 최대","7","g","0.00~16.00","1일 최대 진동(x)","180","개방"
"49","1","185","167","테일","진동(y) 최대","7","g","0.00~16.00","1일 최대 진동(y)","190","개방"
"49","1","185","167","테일","진동(z) 최대","7","g","0.00~16.00","1일 최대 진동(z)","200","개방"
"49","1","185","167","테일","흑구 온도","7","℃","-40.0~120.0","1일 평균 흑구온도","210","개방"
"49","1","185","167","테일","초미세먼지 보정","4","㎍/㎥","0~1500","초미세먼지 국가 관측망 기준 보정 데이터(UI 표현 대상)","220","개방"
"49","1","185","167","테일","미세먼지 보정","4","㎍/㎥","0~1500","미세먼지 국가 관측망 기준 보정 데이터(UI 표현 대상)","230","개방"
"49","1","185","167","테일","전송시간","12","","%Y%M%D%H%I","201912130901","240","개방"
"52","1","27","16","헤더","MODEL_SEQ","8","","","Device PART/Serial(fixed 8)","10","개방"
"52","1","27","16","헤더","FW_VER","3","","","펌웨어버전","20","개방"
"52","1","27","16","헤더","ST_SNIC","1","","","차량진입여부(Y/N)","30","개방"
"52","1","27","16","헤더","DIST_OJ","3","CM","","차량감지거리(fixed 2)","40","개방"
"52","1","27","16","헤더","EVNT_DT","12","","","YYYYMMDDhhmmss","50","개방"